id,date,username,text,like_count,retweet_count
1,2023-02-19,neverland,I love BTS so much! KPOP forever ğŸ’œ,890,131
2,2023-07-05,engene,"Enhypen growing so fast, proud! #ENGENE",83,282
3,2023-11-03,buddyfan,BTS x BLACKPINK collab dream? ğŸ˜±,269,36
4,2023-01-12,armyblink,TXT are the future of KPOP ğŸ’™,361,304
5,2023-04-09,shawol,BTS paved the way #Army,938,105
6,2023-11-14,buddyfan,LOONA legends #Orbit,609,301
7,2023-10-13,nctzenlife,SHINee forever kings #Shawol,479,318
8,2023-06-21,armyforever,I love BTS so much! KPOP forever ğŸ’œ,813,442
9,2023-01-25,armyblink,BTS x BLACKPINK collab dream? ğŸ˜±,800,43
10,2023-03-26,engene,BTS x BLACKPINK collab dream? ğŸ˜±,155,118
11,2023-07-03,nctzenlife,Twice performance is so powerful #ONCE,273,242
12,2023-01-01,oncefan,BLACKPINK just dropped a new MV ğŸ”¥ #KPOP,686,357
13,2023-07-05,armylover,EXO still kings of KPOP ğŸ”¥,574,213
14,2023-11-05,oncefan,BIGBANG changed KPOP industry #VIP,362,390
15,2023-08-28,moaarmy,"Enhypen growing so fast, proud! #ENGENE",836,127
16,2023-10-24,armylover,Stray Kids are dominating the stage! #STAY,130,263
17,2023-06-14,blinkqueen,"Enhypen growing so fast, proud! #ENGENE",668,408
18,2023-01-09,moaarmy,"Enhypen growing so fast, proud! #ENGENE",901,483
19,2023-05-15,oncefan,EXO still kings of KPOP ğŸ”¥,668,36
20,2023-01-08,shawol,Idle rising so strong #Neverland,728,440
21,2023-08-01,shawol,BLACKPINK in your area! ğŸ’–,738,166
22,2023-07-21,caratdiamond,EXO still kings of KPOP ğŸ”¥,520,338
23,2023-12-21,shawol,"Enhypen growing so fast, proud! #ENGENE",938,297
24,2023-09-20,armylover,BTS paved the way #Army,107,438
25,2023-12-09,engene,LOONA legends #Orbit,152,208
26,2023-05-30,fearless,TXT are the future of KPOP ğŸ’™,815,487
27,2023-09-22,buddyfan,I love BTS so much! KPOP forever ğŸ’œ,616,98
28,2023-04-08,vipfan,Twice performance is so powerful #ONCE,116,374
29,2023-08-16,midzy,SHINee forever kings #Shawol,681,103
30,2023-11-11,nctzenlife,EXO still kings of KPOP ğŸ”¥,116,208
31,2023-08-08,nctzenlife,Red Velvet vocals are insane ğŸ¶ #ReVeluv,273,206
32,2023-06-04,reveluv,BIGBANG changed KPOP industry #VIP,253,373
33,2023-10-21,moaarmy,Itzy charisma is no joke #MIDZY,380,159
34,2023-07-08,stayforever,Itzy charisma is no joke #MIDZY,867,58
35,2023-02-09,armyforever,NCT comeback soon! Can't wait ğŸ˜,129,391
36,2023-08-04,blinkkpop,EXO still kings of KPOP ğŸ”¥,248,351
37,2023-12-22,shawol,Itzy charisma is no joke #MIDZY,883,294
38,2023-07-30,armylover,TXT are the future of KPOP ğŸ’™,756,352
39,2023-04-03,moaarmy,Itzy charisma is no joke #MIDZY,760,259
40,2023-04-18,vipfan,"Enhypen growing so fast, proud! #ENGENE",559,393
41,2023-04-28,armylover,BTS paved the way #Army,711,179
42,2023-12-27,armyblink,Red Velvet vocals are insane ğŸ¶ #ReVeluv,580,24
43,2023-02-18,neverland,GFriend songs always touch my heart ğŸ’•,188,406
44,2023-10-23,buddyfan,BLACKPINK just dropped a new MV ğŸ”¥ #KPOP,160,14
45,2023-12-23,caratdiamond,NCT comeback soon! Can't wait ğŸ˜,672,485
46,2023-05-02,stayforever,Red Velvet vocals are insane ğŸ¶ #ReVeluv,730,362
47,2023-01-23,stayforever,EXO still kings of KPOP ğŸ”¥,798,60
48,2023-12-24,engene,LOONA legends #Orbit,775,33
49,2023-07-12,exolegend,BIGBANG changed KPOP industry #VIP,648,77
50,2023-06-28,stayforever,SHINee forever kings #Shawol,810,66
51,2023-10-17,oncefan,Stray Kids are dominating the stage! #STAY,590,489
52,2023-01-12,vipfan,Red Velvet vocals are insane ğŸ¶ #ReVeluv,132,73
53,2023-01-24,armyblink,LOONA legends #Orbit,612,273
54,2023-11-21,engene,BTS x BLACKPINK collab dream? ğŸ˜±,989,390
55,2023-06-17,midzy,GFriend songs always touch my heart ğŸ’•,772,352
56,2023-12-23,vipfan,Itzy charisma is no joke #MIDZY,549,401
57,2023-03-16,blinkkpop,LE SSERAFIM slaying stages #FEARLESS,499,286
58,2023-06-12,vipfan,Twice performance is so powerful #ONCE,699,416
59,2023-04-18,shawol,LE SSERAFIM slaying stages #FEARLESS,321,470
60,2023-12-24,nctzenlife,Idle rising so strong #Neverland,693,210
61,2023-07-21,armyblink,BTS paved the way #Army,524,319
62,2023-06-11,neverland,LOONA legends #Orbit,371,69
63,2023-03-06,engene,Seventeen world tour is amazing! #CARAT,84,54
64,2023-03-02,stayforever,Idle rising so strong #Neverland,413,135
65,2023-08-14,moaarmy,LOONA legends #Orbit,737,270
66,2023-12-28,nctzenlife,EXO still kings of KPOP ğŸ”¥,875,427
67,2023-06-27,reveluv,BTS x BLACKPINK collab dream? ğŸ˜±,284,300
68,2023-10-20,engene,NCT comeback soon! Can't wait ğŸ˜,936,211
69,2023-04-15,oncefan,BTS x BLACKPINK collab dream? ğŸ˜±,379,348
70,2023-04-26,armyblink,I love BTS so much! KPOP forever ğŸ’œ,426,346
71,2023-06-23,vipfan,LE SSERAFIM slaying stages #FEARLESS,316,34
72,2023-07-07,armylover,TXT are the future of KPOP ğŸ’™,636,439
73,2023-10-19,oncefan,BLACKPINK just dropped a new MV ğŸ”¥ #KPOP,778,399
74,2023-05-09,armyforever,Stray Kids are dominating the stage! #STAY,567,112
75,2023-05-29,shawol,"Enhypen growing so fast, proud! #ENGENE",842,254
76,2023-04-11,blinkkpop,GFriend songs always touch my heart ğŸ’•,78,202
77,2023-09-15,orbitluv,Seventeen world tour is amazing! #CARAT,175,139
78,2023-01-20,moaarmy,LOONA legends #Orbit,402,175
79,2023-08-15,fearless,I love BTS so much! KPOP forever ğŸ’œ,858,445
80,2023-02-21,moaarmy,Itzy charisma is no joke #MIDZY,560,54
81,2023-09-02,stayforever,Idle rising so strong #Neverland,584,447
82,2023-12-29,engene,Seventeen world tour is amazing! #CARAT,642,158
83,2023-11-11,shawol,I love BTS so much! KPOP forever ğŸ’œ,299,454
84,2023-10-10,exolegend,I love BTS so much! KPOP forever ğŸ’œ,427,58
85,2023-01-04,neverland,BTS paved the way #Army,617,357
86,2023-03-06,fearless,Idle rising so strong #Neverland,259,91
87,2023-03-22,moaarmy,"Enhypen growing so fast, proud! #ENGENE",558,368
88,2023-11-26,midzy,SHINee forever kings #Shawol,810,151
89,2023-05-24,fearless,BLACKPINK in your area! ğŸ’–,346,467
90,2023-05-19,engene,SHINee forever kings #Shawol,947,283
91,2023-06-22,orbitluv,Seventeen world tour is amazing! #CARAT,599,213
92,2023-10-31,armylover,TXT are the future of KPOP ğŸ’™,797,130
93,2023-09-19,oncefan,BTS x BLACKPINK collab dream? ğŸ˜±,766,388
94,2023-03-02,blinkqueen,Twice performance is so powerful #ONCE,399,223
95,2023-11-01,vipfan,LOONA legends #Orbit,726,204
96,2023-12-27,blinkqueen,BLACKPINK in your area! ğŸ’–,216,43
97,2023-02-23,exolegend,Seventeen world tour is amazing! #CARAT,498,302
98,2023-07-31,neverland,GFriend songs always touch my heart ğŸ’•,442,191
99,2023-05-28,midzy,BLACKPINK in your area! ğŸ’–,908,213
100,2023-04-24,stayforever,BTS paved the way #Army,309,387
101,2023-04-14,engene,GFriend songs always touch my heart ğŸ’•,927,230
102,2023-12-21,engene,Stray Kids are dominating the stage! #STAY,226,430
103,2023-08-30,neverland,Seventeen world tour is amazing! #CARAT,903,323
104,2023-05-15,orbitluv,BLACKPINK in your area! ğŸ’–,97,413
105,2023-07-06,blinkqueen,SHINee forever kings #Shawol,289,41
106,2023-12-04,reveluv,BTS paved the way #Army,697,391
107,2023-07-25,armylover,BLACKPINK in your area! ğŸ’–,259,57
108,2023-11-05,caratdiamond,Seventeen world tour is amazing! #CARAT,622,92
109,2023-12-02,caratdiamond,BLACKPINK in your area! ğŸ’–,139,82
110,2023-02-14,blinkqueen,LOONA legends #Orbit,107,364
111,2023-09-24,shawol,LOONA legends #Orbit,401,402
112,2023-11-28,armyblink,LOONA legends #Orbit,975,380
113,2023-03-26,shawol,Itzy charisma is no joke #MIDZY,591,24
114,2023-05-13,moaarmy,Idle rising so strong #Neverland,703,439
115,2023-02-12,moaarmy,GFriend songs always touch my heart ğŸ’•,855,375
116,2023-04-08,armylover,BIGBANG changed KPOP industry #VIP,983,195
117,2023-06-27,engene,Red Velvet vocals are insane ğŸ¶ #ReVeluv,151,131
118,2023-06-25,fearless,I love BTS so much! KPOP forever ğŸ’œ,928,105
119,2023-07-08,vipfan,Twice performance is so powerful #ONCE,846,156
120,2023-10-07,buddyfan,Idle rising so strong #Neverland,557,472
121,2023-04-24,armylover,"Enhypen growing so fast, proud! #ENGENE",617,301
122,2023-06-05,shawol,BIGBANG changed KPOP industry #VIP,289,179
123,2023-03-26,armyblink,I love BTS so much! KPOP forever ğŸ’œ,87,121
124,2023-02-20,blinkkpop,Stray Kids are dominating the stage! #STAY,59,309
125,2023-08-24,blinkqueen,TXT are the future of KPOP ğŸ’™,569,185
126,2023-04-27,stayforever,BLACKPINK in your area! ğŸ’–,875,351
127,2023-06-01,armyblink,BLACKPINK just dropped a new MV ğŸ”¥ #KPOP,897,79
128,2023-03-15,vipfan,BLACKPINK in your area! ğŸ’–,327,449
129,2023-01-12,stayforever,Twice performance is so powerful #ONCE,372,429
130,2023-05-04,armyforever,BIGBANG changed KPOP industry #VIP,696,112
131,2023-12-10,neverland,Red Velvet vocals are insane ğŸ¶ #ReVeluv,125,397
132,2023-01-02,fearless,Seventeen world tour is amazing! #CARAT,155,325
133,2023-08-15,orbitluv,Twice performance is so powerful #ONCE,760,340
134,2023-12-20,moaarmy,LOONA legends #Orbit,133,490
135,2023-04-18,caratdiamond,BIGBANG changed KPOP industry #VIP,402,450
136,2023-04-26,oncefan,BIGBANG changed KPOP industry #VIP,738,49
137,2023-05-28,armylover,LE SSERAFIM slaying stages #FEARLESS,543,353
138,2023-01-09,fearless,LOONA legends #Orbit,696,422
139,2023-06-29,nctzenlife,"Enhypen growing so fast, proud! #ENGENE",266,69
140,2023-07-07,armyforever,LOONA legends #Orbit,983,217
141,2023-06-07,oncefan,Seventeen world tour is amazing! #CARAT,991,412
142,2023-10-05,midzy,LOONA legends #Orbit,629,214
143,2023-05-19,blinkqueen,TXT are the future of KPOP ğŸ’™,717,368
144,2023-04-15,nctzenlife,Twice performance is so powerful #ONCE,822,312
145,2023-03-10,armylover,BTS paved the way #Army,200,109
146,2023-09-18,orbitluv,Itzy charisma is no joke #MIDZY,95,443
147,2023-05-10,stayforever,LE SSERAFIM slaying stages #FEARLESS,231,258
148,2023-08-26,armyforever,Idle rising so strong #Neverland,408,225
149,2023-06-26,vipfan,Itzy charisma is no joke #MIDZY,947,102
150,2023-06-20,vipfan,EXO still kings of KPOP ğŸ”¥,574,153
151,2023-05-18,reveluv,Twice performance is so powerful #ONCE,855,69
152,2023-03-29,reveluv,BTS x BLACKPINK collab dream? ğŸ˜±,576,461
153,2023-07-07,blinkqueen,Idle rising so strong #Neverland,628,468
154,2023-03-19,exolegend,GFriend songs always touch my heart ğŸ’•,837,260
155,2023-07-16,moaarmy,LE SSERAFIM slaying stages #FEARLESS,242,49
156,2023-02-05,engene,NCT comeback soon! Can't wait ğŸ˜,279,256
157,2023-10-15,buddyfan,Twice performance is so powerful #ONCE,618,211
158,2023-08-08,vipfan,EXO still kings of KPOP ğŸ”¥,457,41
159,2023-04-27,exolegend,EXO still kings of KPOP ğŸ”¥,301,28
160,2023-01-04,caratdiamond,BLACKPINK just dropped a new MV ğŸ”¥ #KPOP,659,97
161,2023-03-13,blinkqueen,EXO still kings of KPOP ğŸ”¥,683,447
162,2023-09-02,moaarmy,GFriend songs always touch my heart ğŸ’•,229,371
163,2023-06-30,shawol,Twice performance is so powerful #ONCE,190,425
164,2023-11-14,armyforever,BTS x BLACKPINK collab dream? ğŸ˜±,431,259
165,2023-12-17,stayforever,BLACKPINK in your area! ğŸ’–,700,414
166,2023-08-10,neverland,Seventeen world tour is amazing! #CARAT,365,424
167,2023-07-14,shawol,"Enhypen growing so fast, proud! #ENGENE",739,287
168,2023-03-14,reveluv,EXO still kings of KPOP ğŸ”¥,345,161
169,2023-06-26,armyforever,I love BTS so much! KPOP forever ğŸ’œ,462,465
170,2023-03-01,reveluv,Seventeen world tour is amazing! #CARAT,378,216
171,2023-04-22,caratdiamond,GFriend songs always touch my heart ğŸ’•,471,373
172,2023-05-31,fearless,GFriend songs always touch my heart ğŸ’•,135,63
173,2023-10-17,caratdiamond,SHINee forever kings #Shawol,562,69
174,2023-04-07,stayforever,SHINee forever kings #Shawol,916,359
175,2023-06-15,vipfan,"Enhypen growing so fast, proud! #ENGENE",533,402
176,2023-07-03,caratdiamond,EXO still kings of KPOP ğŸ”¥,741,59
177,2023-01-13,buddyfan,BLACKPINK just dropped a new MV ğŸ”¥ #KPOP,723,337
178,2023-11-12,exolegend,BTS paved the way #Army,124,38
179,2023-07-26,exolegend,I love BTS so much! KPOP forever ğŸ’œ,467,56
180,2023-02-10,fearless,I love BTS so much! KPOP forever ğŸ’œ,306,170
181,2023-04-15,midzy,Seventeen world tour is amazing! #CARAT,809,426
182,2023-05-20,armyblink,Itzy charisma is no joke #MIDZY,554,82
183,2023-11-06,shawol,BLACKPINK in your area! ğŸ’–,256,381
184,2023-05-16,oncefan,Itzy charisma is no joke #MIDZY,438,163
185,2023-01-09,shawol,Red Velvet vocals are insane ğŸ¶ #ReVeluv,107,370
186,2023-05-15,oncefan,GFriend songs always touch my heart ğŸ’•,484,53
187,2023-09-26,exolegend,BLACKPINK in your area! ğŸ’–,71,19
188,2023-09-07,moaarmy,BTS paved the way #Army,154,196
189,2023-11-20,armylover,TXT are the future of KPOP ğŸ’™,750,269
190,2023-01-12,armyforever,Seventeen world tour is amazing! #CARAT,702,136
191,2023-05-09,shawol,LOONA legends #Orbit,585,187
192,2023-02-28,armyblink,Twice performance is so powerful #ONCE,502,143
193,2023-12-18,armyforever,Twice performance is so powerful #ONCE,538,357
194,2023-10-19,fearless,BTS x BLACKPINK collab dream? ğŸ˜±,546,129
195,2023-07-12,oncefan,EXO still kings of KPOP ğŸ”¥,870,320
196,2023-06-24,armyblink,LE SSERAFIM slaying stages #FEARLESS,612,148
197,2023-06-05,nctzenlife,LE SSERAFIM slaying stages #FEARLESS,425,67
198,2023-07-09,exolegend,Itzy charisma is no joke #MIDZY,332,273
199,2023-09-05,shawol,Stray Kids are dominating the stage! #STAY,576,195
200,2023-11-29,neverland,Idle rising so strong #Neverland,369,375
201,2023-08-23,engene,Stray Kids are dominating the stage! #STAY,429,243
202,2023-06-11,neverland,I love BTS so much! KPOP forever ğŸ’œ,474,253
203,2023-11-23,buddyfan,"Enhypen growing so fast, proud! #ENGENE",193,107
204,2023-08-22,midzy,Stray Kids are dominating the stage! #STAY,762,348
205,2023-11-15,armyblink,Red Velvet vocals are insane ğŸ¶ #ReVeluv,648,428
206,2023-06-12,blinkqueen,LE SSERAFIM slaying stages #FEARLESS,249,378
207,2023-04-18,armyforever,NCT comeback soon! Can't wait ğŸ˜,629,390
208,2023-01-13,reveluv,GFriend songs always touch my heart ğŸ’•,302,410
209,2023-08-15,nctzenlife,BLACKPINK just dropped a new MV ğŸ”¥ #KPOP,473,365
210,2023-01-18,exolegend,Twice performance is so powerful #ONCE,483,445
211,2023-09-12,midzy,Idle rising so strong #Neverland,665,402
212,2023-04-24,armylover,SHINee forever kings #Shawol,351,215
213,2023-08-21,exolegend,I love BTS so much! KPOP forever ğŸ’œ,504,279
214,2023-07-04,engene,Red Velvet vocals are insane ğŸ¶ #ReVeluv,853,186
215,2023-12-19,moaarmy,EXO still kings of KPOP ğŸ”¥,189,117
216,2023-08-16,armylover,GFriend songs always touch my heart ğŸ’•,591,309
217,2023-03-14,engene,BTS x BLACKPINK collab dream? ğŸ˜±,808,273
218,2023-01-23,blinkqueen,Seventeen world tour is amazing! #CARAT,577,172
219,2023-02-24,blinkkpop,NCT comeback soon! Can't wait ğŸ˜,747,382
220,2023-03-26,oncefan,LE SSERAFIM slaying stages #FEARLESS,792,337
221,2023-02-16,oncefan,LE SSERAFIM slaying stages #FEARLESS,629,179
222,2023-04-25,nctzenlife,BIGBANG changed KPOP industry #VIP,215,450
223,2023-12-08,vipfan,Itzy charisma is no joke #MIDZY,806,270
224,2023-01-14,caratdiamond,Seventeen world tour is amazing! #CARAT,360,389
225,2023-03-11,fearless,BIGBANG changed KPOP industry #VIP,543,238
226,2023-11-20,armyforever,LOONA legends #Orbit,390,244
227,2023-04-28,buddyfan,SHINee forever kings #Shawol,632,295
228,2023-12-23,blinkkpop,Seventeen world tour is amazing! #CARAT,811,433
229,2023-10-15,orbitluv,GFriend songs always touch my heart ğŸ’•,91,454
230,2023-08-07,caratdiamond,GFriend songs always touch my heart ğŸ’•,444,225
231,2023-05-10,neverland,LOONA legends #Orbit,432,471
232,2023-08-24,nctzenlife,GFriend songs always touch my heart ğŸ’•,970,346
233,2023-07-10,neverland,BTS x BLACKPINK collab dream? ğŸ˜±,308,202
234,2023-04-12,buddyfan,BIGBANG changed KPOP industry #VIP,89,411
235,2023-11-07,stayforever,Twice performance is so powerful #ONCE,406,307
236,2023-03-05,engene,I love BTS so much! KPOP forever ğŸ’œ,314,329
237,2023-08-08,armyforever,BLACKPINK just dropped a new MV ğŸ”¥ #KPOP,376,429
238,2023-08-17,vipfan,BLACKPINK just dropped a new MV ğŸ”¥ #KPOP,109,10
239,2023-10-12,vipfan,Itzy charisma is no joke #MIDZY,658,257
240,2023-04-25,armyblink,Red Velvet vocals are insane ğŸ¶ #ReVeluv,832,272
241,2023-09-21,nctzenlife,BLACKPINK in your area! ğŸ’–,482,14
242,2023-12-18,armyforever,EXO still kings of KPOP ğŸ”¥,631,214
243,2023-01-18,midzy,"Enhypen growing so fast, proud! #ENGENE",182,441
244,2023-10-14,vipfan,Itzy charisma is no joke #MIDZY,868,138
245,2023-01-23,reveluv,Itzy charisma is no joke #MIDZY,523,460
246,2023-10-04,nctzenlife,BLACKPINK in your area! ğŸ’–,148,357
247,2023-09-21,blinkkpop,Red Velvet vocals are insane ğŸ¶ #ReVeluv,445,209
248,2023-04-29,armylover,Seventeen world tour is amazing! #CARAT,908,250
249,2023-06-24,armyforever,SHINee forever kings #Shawol,426,272
250,2023-03-18,neverland,BTS paved the way #Army,803,431
251,2023-09-15,buddyfan,NCT comeback soon! Can't wait ğŸ˜,848,374
252,2023-04-01,reveluv,BIGBANG changed KPOP industry #VIP,927,28
253,2023-02-08,midzy,BLACKPINK just dropped a new MV ğŸ”¥ #KPOP,252,266
254,2023-09-13,blinkkpop,NCT comeback soon! Can't wait ğŸ˜,513,16
255,2023-04-08,armylover,LOONA legends #Orbit,813,42
256,2023-02-16,midzy,TXT are the future of KPOP ğŸ’™,114,498
257,2023-02-17,caratdiamond,Stray Kids are dominating the stage! #STAY,942,66
258,2023-10-08,reveluv,EXO still kings of KPOP ğŸ”¥,263,240
259,2023-07-23,neverland,NCT comeback soon! Can't wait ğŸ˜,854,379
260,2023-09-11,fearless,BLACKPINK in your area! ğŸ’–,907,132
261,2023-03-04,shawol,"Enhypen growing so fast, proud! #ENGENE",781,174
262,2023-05-09,shawol,LOONA legends #Orbit,253,156
263,2023-03-25,armyblink,LE SSERAFIM slaying stages #FEARLESS,431,158
264,2023-09-28,vipfan,BTS paved the way #Army,462,259
265,2023-03-22,orbitluv,LE SSERAFIM slaying stages #FEARLESS,915,279
266,2023-08-18,moaarmy,Seventeen world tour is amazing! #CARAT,849,307
267,2023-12-23,exolegend,BLACKPINK just dropped a new MV ğŸ”¥ #KPOP,450,133
268,2023-09-12,neverland,BTS x BLACKPINK collab dream? ğŸ˜±,522,318
269,2023-06-21,moaarmy,Seventeen world tour is amazing! #CARAT,860,181
270,2023-06-12,orbitluv,LOONA legends #Orbit,273,228
271,2023-04-30,shawol,BLACKPINK just dropped a new MV ğŸ”¥ #KPOP,499,424
272,2023-11-12,oncefan,LE SSERAFIM slaying stages #FEARLESS,707,187
273,2023-10-01,midzy,BLACKPINK just dropped a new MV ğŸ”¥ #KPOP,636,430
274,2023-05-27,oncefan,BTS paved the way #Army,268,324
275,2023-05-13,engene,TXT are the future of KPOP ğŸ’™,181,105
276,2023-07-06,fearless,Idle rising so strong #Neverland,835,216
277,2023-01-30,shawol,Seventeen world tour is amazing! #CARAT,217,126
278,2023-12-09,fearless,BTS x BLACKPINK collab dream? ğŸ˜±,347,166
279,2023-01-04,fearless,Twice performance is so powerful #ONCE,191,157
280,2023-09-13,caratdiamond,I love BTS so much! KPOP forever ğŸ’œ,92,75
281,2023-08-21,stayforever,Idle rising so strong #Neverland,500,15
282,2023-07-04,engene,TXT are the future of KPOP ğŸ’™,311,85
283,2023-04-18,buddyfan,BTS x BLACKPINK collab dream? ğŸ˜±,885,231
284,2023-07-25,oncefan,Seventeen world tour is amazing! #CARAT,856,57
285,2023-09-10,armyblink,NCT comeback soon! Can't wait ğŸ˜,910,152
286,2023-10-10,orbitluv,"Enhypen growing so fast, proud! #ENGENE",586,387
287,2023-10-21,blinkqueen,BLACKPINK in your area! ğŸ’–,919,411
288,2023-09-19,armyforever,GFriend songs always touch my heart ğŸ’•,499,63
289,2023-07-11,armylover,BIGBANG changed KPOP industry #VIP,418,422
290,2023-11-21,orbitluv,Idle rising so strong #Neverland,662,58
291,2023-02-13,nctzenlife,GFriend songs always touch my heart ğŸ’•,385,295
292,2023-01-14,armylover,"Enhypen growing so fast, proud! #ENGENE",536,47
293,2023-07-16,orbitluv,LE SSERAFIM slaying stages #FEARLESS,302,207
294,2023-11-19,nctzenlife,Itzy charisma is no joke #MIDZY,717,281
295,2023-03-18,fearless,SHINee forever kings #Shawol,152,225
296,2023-12-13,exolegend,Red Velvet vocals are insane ğŸ¶ #ReVeluv,299,166
297,2023-08-04,fearless,Idle rising so strong #Neverland,602,441
298,2023-06-15,stayforever,LE SSERAFIM slaying stages #FEARLESS,388,269
299,2023-08-11,nctzenlife,Twice performance is so powerful #ONCE,333,38
300,2023-02-05,nctzenlife,SHINee forever kings #Shawol,614,354
301,2023-02-01,oncefan,BLACKPINK just dropped a new MV ğŸ”¥ #KPOP,967,287
302,2023-11-20,stayforever,LOONA legends #Orbit,861,140
303,2023-05-14,vipfan,I love BTS so much! KPOP forever ğŸ’œ,499,213
304,2023-04-29,blinkkpop,NCT comeback soon! Can't wait ğŸ˜,462,332
305,2023-10-16,nctzenlife,Twice performance is so powerful #ONCE,319,321
306,2023-03-09,blinkkpop,LOONA legends #Orbit,102,474
307,2023-10-10,moaarmy,SHINee forever kings #Shawol,826,426
308,2023-04-20,midzy,I love BTS so much! KPOP forever ğŸ’œ,91,232
309,2023-01-11,stayforever,I love BTS so much! KPOP forever ğŸ’œ,771,301
310,2023-07-13,shawol,BTS x BLACKPINK collab dream? ğŸ˜±,526,439
311,2023-06-04,shawol,LOONA legends #Orbit,206,238
312,2023-05-19,armylover,BTS paved the way #Army,703,500
313,2023-08-21,vipfan,BIGBANG changed KPOP industry #VIP,114,34
314,2023-05-26,shawol,Itzy charisma is no joke #MIDZY,941,289
315,2023-09-24,shawol,SHINee forever kings #Shawol,728,482
316,2023-01-16,orbitluv,SHINee forever kings #Shawol,425,179
317,2023-02-14,blinkqueen,BIGBANG changed KPOP industry #VIP,165,71
318,2023-06-23,oncefan,I love BTS so much! KPOP forever ğŸ’œ,983,129
319,2023-08-16,midzy,Idle rising so strong #Neverland,495,16
320,2023-08-03,midzy,EXO still kings of KPOP ğŸ”¥,60,308
321,2023-04-21,reveluv,Idle rising so strong #Neverland,281,338
322,2023-03-06,buddyfan,LE SSERAFIM slaying stages #FEARLESS,165,425
323,2023-08-13,reveluv,LE SSERAFIM slaying stages #FEARLESS,388,152
324,2023-05-15,caratdiamond,"Enhypen growing so fast, proud! #ENGENE",762,307
325,2023-07-31,shawol,Seventeen world tour is amazing! #CARAT,927,60
326,2023-06-06,blinkqueen,Twice performance is so powerful #ONCE,240,84
327,2023-05-23,nctzenlife,Idle rising so strong #Neverland,992,363
328,2023-10-19,oncefan,"Enhypen growing so fast, proud! #ENGENE",413,63
329,2023-03-08,midzy,LOONA legends #Orbit,698,348
330,2023-12-01,vipfan,BLACKPINK in your area! ğŸ’–,995,112
331,2023-01-22,neverland,GFriend songs always touch my heart ğŸ’•,912,293
332,2023-05-11,blinkkpop,Red Velvet vocals are insane ğŸ¶ #ReVeluv,992,215
333,2023-05-16,stayforever,BLACKPINK in your area! ğŸ’–,203,12
334,2023-10-07,oncefan,LE SSERAFIM slaying stages #FEARLESS,462,452
335,2023-06-19,armyblink,Idle rising so strong #Neverland,803,145
336,2023-04-15,midzy,NCT comeback soon! Can't wait ğŸ˜,292,346
337,2023-09-22,armyblink,Red Velvet vocals are insane ğŸ¶ #ReVeluv,618,342
338,2023-10-13,moaarmy,LOONA legends #Orbit,255,230
339,2023-05-11,fearless,NCT comeback soon! Can't wait ğŸ˜,258,132
340,2023-02-03,shawol,BTS x BLACKPINK collab dream? ğŸ˜±,370,349
341,2023-08-19,moaarmy,BIGBANG changed KPOP industry #VIP,973,268
342,2023-07-29,reveluv,EXO still kings of KPOP ğŸ”¥,716,275
343,2023-04-01,moaarmy,BTS paved the way #Army,726,121
344,2023-07-08,moaarmy,Idle rising so strong #Neverland,197,397
345,2023-12-25,reveluv,Twice performance is so powerful #ONCE,896,276
346,2023-12-29,vipfan,LE SSERAFIM slaying stages #FEARLESS,921,150
347,2023-10-10,vipfan,Seventeen world tour is amazing! #CARAT,276,458
348,2023-02-04,orbitluv,BTS x BLACKPINK collab dream? ğŸ˜±,171,258
349,2023-09-04,caratdiamond,BIGBANG changed KPOP industry #VIP,78,490
350,2023-07-18,oncefan,Stray Kids are dominating the stage! #STAY,802,330
351,2023-06-09,orbitluv,Twice performance is so powerful #ONCE,782,370
352,2023-09-14,orbitluv,BTS paved the way #Army,132,42
353,2023-11-13,armyblink,LE SSERAFIM slaying stages #FEARLESS,675,459
354,2023-05-14,nctzenlife,Twice performance is so powerful #ONCE,400,441
355,2023-09-19,nctzenlife,I love BTS so much! KPOP forever ğŸ’œ,729,321
356,2023-11-16,buddyfan,BLACKPINK in your area! ğŸ’–,981,228
357,2023-08-10,caratdiamond,TXT are the future of KPOP ğŸ’™,487,319
358,2023-08-23,buddyfan,GFriend songs always touch my heart ğŸ’•,363,417
359,2023-03-11,reveluv,BTS x BLACKPINK collab dream? ğŸ˜±,389,63
360,2023-05-27,armylover,GFriend songs always touch my heart ğŸ’•,57,351
361,2023-12-29,shawol,BLACKPINK just dropped a new MV ğŸ”¥ #KPOP,475,74
362,2023-03-17,buddyfan,BIGBANG changed KPOP industry #VIP,323,32
363,2023-02-28,blinkqueen,I love BTS so much! KPOP forever ğŸ’œ,749,444
364,2023-11-20,neverland,BLACKPINK just dropped a new MV ğŸ”¥ #KPOP,91,441
365,2023-09-24,neverland,Itzy charisma is no joke #MIDZY,878,34
366,2023-07-12,midzy,BTS paved the way #Army,341,310
367,2023-08-09,caratdiamond,Seventeen world tour is amazing! #CARAT,225,377
368,2023-08-26,armyblink,SHINee forever kings #Shawol,398,58
369,2023-12-10,oncefan,"Enhypen growing so fast, proud! #ENGENE",222,185
370,2023-07-22,shawol,EXO still kings of KPOP ğŸ”¥,102,34
371,2023-08-11,buddyfan,Itzy charisma is no joke #MIDZY,674,402
372,2023-07-05,buddyfan,"Enhypen growing so fast, proud! #ENGENE",444,328
373,2023-12-23,midzy,NCT comeback soon! Can't wait ğŸ˜,351,108
374,2023-04-09,caratdiamond,GFriend songs always touch my heart ğŸ’•,302,355
375,2023-01-23,fearless,BLACKPINK just dropped a new MV ğŸ”¥ #KPOP,596,425
376,2023-02-10,reveluv,NCT comeback soon! Can't wait ğŸ˜,272,175
377,2023-07-15,armyforever,LOONA legends #Orbit,692,296
378,2023-06-20,neverland,BLACKPINK in your area! ğŸ’–,884,347
379,2023-06-07,fearless,Stray Kids are dominating the stage! #STAY,406,446
380,2023-09-10,armyblink,BTS paved the way #Army,873,316
381,2023-01-13,buddyfan,BLACKPINK just dropped a new MV ğŸ”¥ #KPOP,79,132
382,2023-06-11,moaarmy,Idle rising so strong #Neverland,501,206
383,2023-08-23,buddyfan,LE SSERAFIM slaying stages #FEARLESS,352,368
384,2023-03-08,stayforever,I love BTS so much! KPOP forever ğŸ’œ,512,43
385,2023-08-16,midzy,GFriend songs always touch my heart ğŸ’•,626,249
386,2023-12-28,moaarmy,Red Velvet vocals are insane ğŸ¶ #ReVeluv,479,338
387,2023-05-06,armylover,Red Velvet vocals are insane ğŸ¶ #ReVeluv,994,182
388,2023-03-15,stayforever,EXO still kings of KPOP ğŸ”¥,397,229
389,2023-04-26,shawol,Idle rising so strong #Neverland,594,404
390,2023-04-22,orbitluv,"Enhypen growing so fast, proud! #ENGENE",469,31
391,2023-08-12,exolegend,EXO still kings of KPOP ğŸ”¥,922,88
392,2023-07-08,caratdiamond,LE SSERAFIM slaying stages #FEARLESS,993,413
393,2023-02-17,neverland,BIGBANG changed KPOP industry #VIP,959,406
394,2023-05-26,reveluv,TXT are the future of KPOP ğŸ’™,56,230
395,2023-10-29,midzy,I love BTS so much! KPOP forever ğŸ’œ,905,357
396,2023-08-13,armyforever,Twice performance is so powerful #ONCE,119,92
397,2023-08-23,nctzenlife,LE SSERAFIM slaying stages #FEARLESS,585,276
398,2023-01-26,midzy,GFriend songs always touch my heart ğŸ’•,208,173
399,2023-09-29,armyblink,LOONA legends #Orbit,872,340
400,2023-04-02,moaarmy,BTS x BLACKPINK collab dream? ğŸ˜±,534,361
401,2023-04-05,exolegend,Stray Kids are dominating the stage! #STAY,78,81
402,2023-02-11,blinkkpop,LOONA legends #Orbit,923,285
403,2023-09-01,vipfan,Twice performance is so powerful #ONCE,982,368
404,2023-05-15,armyblink,BTS x BLACKPINK collab dream? ğŸ˜±,380,195
405,2023-11-17,armylover,Idle rising so strong #Neverland,136,213
406,2023-06-24,nctzenlife,BIGBANG changed KPOP industry #VIP,143,365
407,2023-07-10,fearless,TXT are the future of KPOP ğŸ’™,340,355
408,2023-05-30,moaarmy,Idle rising so strong #Neverland,590,23
409,2023-03-22,engene,GFriend songs always touch my heart ğŸ’•,716,73
410,2023-04-16,armyblink,NCT comeback soon! Can't wait ğŸ˜,162,400
411,2023-01-08,armylover,TXT are the future of KPOP ğŸ’™,656,228
412,2023-02-15,orbitluv,LE SSERAFIM slaying stages #FEARLESS,741,111
413,2023-04-19,orbitluv,Idle rising so strong #Neverland,74,46
414,2023-04-28,moaarmy,LE SSERAFIM slaying stages #FEARLESS,779,242
415,2023-07-12,blinkqueen,BIGBANG changed KPOP industry #VIP,567,25
416,2023-01-22,moaarmy,TXT are the future of KPOP ğŸ’™,242,10
417,2023-02-08,nctzenlife,BIGBANG changed KPOP industry #VIP,732,214
418,2023-03-21,stayforever,Seventeen world tour is amazing! #CARAT,272,222
419,2023-11-20,reveluv,Twice performance is so powerful #ONCE,716,336
420,2023-01-30,shawol,Stray Kids are dominating the stage! #STAY,872,315
421,2023-01-17,armylover,BLACKPINK just dropped a new MV ğŸ”¥ #KPOP,233,382
422,2023-07-15,shawol,"Enhypen growing so fast, proud! #ENGENE",512,479
423,2023-11-08,midzy,I love BTS so much! KPOP forever ğŸ’œ,446,25
424,2023-10-21,exolegend,LOONA legends #Orbit,846,480
425,2023-08-02,armyforever,Idle rising so strong #Neverland,499,360
426,2023-11-16,midzy,Twice performance is so powerful #ONCE,628,121
427,2023-11-20,blinkkpop,Itzy charisma is no joke #MIDZY,874,456
428,2023-05-05,neverland,SHINee forever kings #Shawol,633,441
429,2023-12-16,stayforever,Itzy charisma is no joke #MIDZY,903,193
430,2023-12-22,shawol,Seventeen world tour is amazing! #CARAT,518,210
431,2023-11-01,oncefan,Itzy charisma is no joke #MIDZY,294,56
432,2023-06-05,stayforever,LOONA legends #Orbit,60,125
433,2023-03-11,midzy,BIGBANG changed KPOP industry #VIP,423,217
434,2023-02-26,shawol,BLACKPINK just dropped a new MV ğŸ”¥ #KPOP,974,133
435,2023-08-24,vipfan,Twice performance is so powerful #ONCE,537,102
436,2023-01-09,moaarmy,I love BTS so much! KPOP forever ğŸ’œ,953,194
437,2023-12-05,neverland,Stray Kids are dominating the stage! #STAY,684,237
438,2023-03-19,vipfan,Red Velvet vocals are insane ğŸ¶ #ReVeluv,800,357
439,2023-10-19,neverland,BIGBANG changed KPOP industry #VIP,431,27
440,2023-02-07,midzy,I love BTS so much! KPOP forever ğŸ’œ,572,325
441,2023-01-20,armyblink,NCT comeback soon! Can't wait ğŸ˜,813,168
442,2023-09-04,oncefan,BLACKPINK just dropped a new MV ğŸ”¥ #KPOP,57,391
443,2023-04-01,reveluv,Itzy charisma is no joke #MIDZY,430,306
444,2023-11-09,moaarmy,SHINee forever kings #Shawol,272,496
445,2023-05-17,shawol,"Enhypen growing so fast, proud! #ENGENE",1000,88
446,2023-07-07,shawol,Stray Kids are dominating the stage! #STAY,978,179
447,2023-09-10,buddyfan,Twice performance is so powerful #ONCE,955,197
448,2023-12-20,blinkqueen,BLACKPINK in your area! ğŸ’–,58,495
449,2023-09-18,armyblink,LE SSERAFIM slaying stages #FEARLESS,942,69
450,2023-04-10,shawol,BLACKPINK in your area! ğŸ’–,331,43
451,2023-05-17,neverland,GFriend songs always touch my heart ğŸ’•,871,87
452,2023-05-05,armyblink,TXT are the future of KPOP ğŸ’™,677,471
453,2023-04-12,shawol,Red Velvet vocals are insane ğŸ¶ #ReVeluv,333,165
454,2023-03-11,orbitluv,BLACKPINK just dropped a new MV ğŸ”¥ #KPOP,193,467
455,2023-01-22,fearless,Seventeen world tour is amazing! #CARAT,221,41
456,2023-03-08,caratdiamond,Seventeen world tour is amazing! #CARAT,627,136
457,2023-05-19,buddyfan,GFriend songs always touch my heart ğŸ’•,343,104
458,2023-07-27,neverland,Stray Kids are dominating the stage! #STAY,504,233
459,2023-11-14,armylover,Idle rising so strong #Neverland,549,438
460,2023-01-28,armylover,BLACKPINK just dropped a new MV ğŸ”¥ #KPOP,881,155
461,2023-01-18,engene,LOONA legends #Orbit,349,385
462,2023-12-05,oncefan,I love BTS so much! KPOP forever ğŸ’œ,404,405
463,2023-05-01,neverland,BTS x BLACKPINK collab dream? ğŸ˜±,659,400
464,2023-12-10,engene,Idle rising so strong #Neverland,620,167
465,2023-11-04,moaarmy,Idle rising so strong #Neverland,729,256
466,2023-03-21,fearless,BTS x BLACKPINK collab dream? ğŸ˜±,203,256
467,2023-09-08,stayforever,Red Velvet vocals are insane ğŸ¶ #ReVeluv,270,51
468,2023-05-01,neverland,LOONA legends #Orbit,405,172
469,2023-07-02,armylover,BLACKPINK just dropped a new MV ğŸ”¥ #KPOP,722,81
470,2023-06-24,fearless,Itzy charisma is no joke #MIDZY,320,430
471,2023-09-03,orbitluv,SHINee forever kings #Shawol,470,333
472,2023-10-23,oncefan,LOONA legends #Orbit,435,249
473,2023-12-14,caratdiamond,BIGBANG changed KPOP industry #VIP,823,349
474,2023-02-06,oncefan,"Enhypen growing so fast, proud! #ENGENE",790,137
475,2023-10-17,armylover,BLACKPINK in your area! ğŸ’–,559,122
476,2023-08-24,orbitluv,Itzy charisma is no joke #MIDZY,990,36
477,2023-04-23,moaarmy,GFriend songs always touch my heart ğŸ’•,118,229
478,2023-11-19,armyforever,I love BTS so much! KPOP forever ğŸ’œ,804,369
479,2023-04-06,engene,Red Velvet vocals are insane ğŸ¶ #ReVeluv,820,478
480,2023-12-15,fearless,Stray Kids are dominating the stage! #STAY,241,496
481,2023-07-11,midzy,GFriend songs always touch my heart ğŸ’•,223,147
482,2023-06-18,fearless,LE SSERAFIM slaying stages #FEARLESS,533,285
483,2023-08-22,reveluv,BLACKPINK just dropped a new MV ğŸ”¥ #KPOP,455,421
484,2023-05-05,armyforever,TXT are the future of KPOP ğŸ’™,712,231
485,2023-12-30,orbitluv,EXO still kings of KPOP ğŸ”¥,411,187
486,2023-08-07,stayforever,NCT comeback soon! Can't wait ğŸ˜,622,295
487,2023-02-08,blinkkpop,Stray Kids are dominating the stage! #STAY,154,470
488,2023-04-25,blinkkpop,BLACKPINK in your area! ğŸ’–,306,287
489,2023-11-09,orbitluv,BTS paved the way #Army,51,149
490,2023-12-23,armyforever,Seventeen world tour is amazing! #CARAT,195,451
491,2023-06-25,oncefan,EXO still kings of KPOP ğŸ”¥,459,195
492,2023-11-12,armylover,BLACKPINK in your area! ğŸ’–,815,117
493,2023-04-30,vipfan,Stray Kids are dominating the stage! #STAY,857,267
494,2023-05-16,caratdiamond,SHINee forever kings #Shawol,642,401
495,2023-10-09,caratdiamond,Red Velvet vocals are insane ğŸ¶ #ReVeluv,183,167
496,2023-12-25,engene,EXO still kings of KPOP ğŸ”¥,656,18
497,2023-03-22,nctzenlife,Red Velvet vocals are insane ğŸ¶ #ReVeluv,450,262
498,2023-10-24,orbitluv,Stray Kids are dominating the stage! #STAY,986,497
499,2023-01-05,caratdiamond,BTS paved the way #Army,930,439
500,2023-10-31,blinkkpop,SHINee forever kings #Shawol,163,168
501,2023-07-14,blinkqueen,BLACKPINK just dropped a new MV ğŸ”¥ #KPOP,634,378
502,2023-03-24,stayforever,Itzy charisma is no joke #MIDZY,589,466
503,2023-10-07,fearless,BTS x BLACKPINK collab dream? ğŸ˜±,404,232
504,2023-08-03,armyblink,SHINee forever kings #Shawol,701,466
505,2023-03-18,orbitluv,BIGBANG changed KPOP industry #VIP,190,391
506,2023-12-11,fearless,BTS x BLACKPINK collab dream? ğŸ˜±,788,329
507,2023-12-30,blinkqueen,Twice performance is so powerful #ONCE,376,132
508,2023-10-22,midzy,BLACKPINK in your area! ğŸ’–,938,409
509,2023-04-13,armylover,EXO still kings of KPOP ğŸ”¥,279,166
510,2023-04-11,neverland,LOONA legends #Orbit,502,427
511,2023-03-14,blinkqueen,LOONA legends #Orbit,737,349
512,2023-07-18,nctzenlife,BTS paved the way #Army,646,468
513,2023-06-17,fearless,Idle rising so strong #Neverland,158,60
514,2023-12-27,shawol,"Enhypen growing so fast, proud! #ENGENE",469,122
515,2023-08-08,armyblink,BLACKPINK in your area! ğŸ’–,482,135
516,2023-08-29,midzy,LE SSERAFIM slaying stages #FEARLESS,127,232
517,2023-12-30,exolegend,Red Velvet vocals are insane ğŸ¶ #ReVeluv,980,288
518,2023-12-29,shawol,BIGBANG changed KPOP industry #VIP,208,115
519,2023-03-18,fearless,BLACKPINK just dropped a new MV ğŸ”¥ #KPOP,766,207
520,2023-05-07,nctzenlife,Twice performance is so powerful #ONCE,265,493
521,2023-05-11,nctzenlife,BLACKPINK in your area! ğŸ’–,772,200
522,2023-05-18,moaarmy,TXT are the future of KPOP ğŸ’™,877,499
523,2023-07-30,armyforever,BTS paved the way #Army,140,152
524,2023-03-19,buddyfan,BTS paved the way #Army,228,151
525,2023-01-18,oncefan,BIGBANG changed KPOP industry #VIP,934,360
526,2023-09-13,engene,Stray Kids are dominating the stage! #STAY,444,115
527,2023-12-17,oncefan,LE SSERAFIM slaying stages #FEARLESS,819,269
528,2023-08-22,reveluv,Itzy charisma is no joke #MIDZY,703,366
529,2023-11-09,stayforever,EXO still kings of KPOP ğŸ”¥,924,208
530,2023-04-13,armylover,I love BTS so much! KPOP forever ğŸ’œ,454,173
531,2023-07-07,fearless,Seventeen world tour is amazing! #CARAT,840,388
532,2023-09-02,nctzenlife,Red Velvet vocals are insane ğŸ¶ #ReVeluv,264,124
533,2023-04-16,engene,LE SSERAFIM slaying stages #FEARLESS,476,63
534,2023-06-06,exolegend,Seventeen world tour is amazing! #CARAT,220,213
535,2023-05-16,armyblink,BLACKPINK just dropped a new MV ğŸ”¥ #KPOP,360,231
536,2023-10-22,armylover,Itzy charisma is no joke #MIDZY,792,135
537,2023-07-27,nctzenlife,BLACKPINK just dropped a new MV ğŸ”¥ #KPOP,433,433
538,2023-08-09,armylover,NCT comeback soon! Can't wait ğŸ˜,718,79
539,2023-08-30,fearless,Stray Kids are dominating the stage! #STAY,711,109
540,2023-01-27,moaarmy,NCT comeback soon! Can't wait ğŸ˜,771,29
541,2023-04-28,shawol,LE SSERAFIM slaying stages #FEARLESS,185,145
542,2023-04-06,caratdiamond,Red Velvet vocals are insane ğŸ¶ #ReVeluv,963,320
543,2023-09-13,armyblink,SHINee forever kings #Shawol,202,313
544,2023-08-06,armyforever,BLACKPINK just dropped a new MV ğŸ”¥ #KPOP,783,325
545,2023-05-27,engene,Seventeen world tour is amazing! #CARAT,465,243
546,2023-05-22,armyforever,BIGBANG changed KPOP industry #VIP,984,473
547,2023-05-28,armyforever,Seventeen world tour is amazing! #CARAT,317,28
548,2023-04-05,vipfan,Itzy charisma is no joke #MIDZY,846,88
549,2023-07-30,engene,Itzy charisma is no joke #MIDZY,996,161
550,2023-02-07,armyblink,NCT comeback soon! Can't wait ğŸ˜,175,116
551,2023-06-04,blinkqueen,I love BTS so much! KPOP forever ğŸ’œ,831,25
552,2023-09-14,reveluv,Itzy charisma is no joke #MIDZY,642,438
553,2023-04-01,reveluv,BTS x BLACKPINK collab dream? ğŸ˜±,473,353
554,2023-06-16,reveluv,TXT are the future of KPOP ğŸ’™,414,299
555,2023-12-18,armyblink,Red Velvet vocals are insane ğŸ¶ #ReVeluv,529,196
556,2023-11-14,buddyfan,BLACKPINK in your area! ğŸ’–,186,232
557,2023-09-16,vipfan,Twice performance is so powerful #ONCE,91,330
558,2023-11-23,blinkkpop,Itzy charisma is no joke #MIDZY,50,196
559,2023-03-08,armylover,Stray Kids are dominating the stage! #STAY,974,344
560,2023-04-10,blinkkpop,Idle rising so strong #Neverland,471,263
561,2023-11-18,buddyfan,Twice performance is so powerful #ONCE,156,276
562,2023-10-24,exolegend,SHINee forever kings #Shawol,326,207
563,2023-04-17,orbitluv,TXT are the future of KPOP ğŸ’™,948,450
564,2023-07-24,vipfan,Itzy charisma is no joke #MIDZY,798,155
565,2023-04-09,engene,Red Velvet vocals are insane ğŸ¶ #ReVeluv,721,153
566,2023-06-23,orbitluv,LE SSERAFIM slaying stages #FEARLESS,332,192
567,2023-09-28,moaarmy,Stray Kids are dominating the stage! #STAY,943,43
568,2023-11-12,exolegend,SHINee forever kings #Shawol,705,418
569,2023-12-20,caratdiamond,Itzy charisma is no joke #MIDZY,161,404
570,2023-04-02,blinkkpop,NCT comeback soon! Can't wait ğŸ˜,726,204
571,2023-09-25,vipfan,GFriend songs always touch my heart ğŸ’•,903,53
572,2023-10-04,nctzenlife,Twice performance is so powerful #ONCE,462,331
573,2023-04-28,stayforever,LE SSERAFIM slaying stages #FEARLESS,678,426
574,2023-09-17,orbitluv,BTS paved the way #Army,998,276
575,2023-09-02,orbitluv,Red Velvet vocals are insane ğŸ¶ #ReVeluv,459,16
576,2023-01-15,blinkqueen,Itzy charisma is no joke #MIDZY,347,79
577,2023-09-21,vipfan,LE SSERAFIM slaying stages #FEARLESS,112,295
578,2023-11-05,fearless,Itzy charisma is no joke #MIDZY,923,191
579,2023-07-15,fearless,I love BTS so much! KPOP forever ğŸ’œ,810,193
580,2023-02-08,armyforever,"Enhypen growing so fast, proud! #ENGENE",215,184
581,2023-01-05,orbitluv,GFriend songs always touch my heart ğŸ’•,452,34
582,2023-12-18,engene,TXT are the future of KPOP ğŸ’™,996,360
583,2023-06-11,orbitluv,LOONA legends #Orbit,604,493
584,2023-02-14,buddyfan,BIGBANG changed KPOP industry #VIP,641,151
585,2023-11-17,armyforever,TXT are the future of KPOP ğŸ’™,923,246
586,2023-11-18,nctzenlife,Seventeen world tour is amazing! #CARAT,365,354
587,2023-01-28,engene,Seventeen world tour is amazing! #CARAT,59,464
588,2023-04-11,oncefan,BTS x BLACKPINK collab dream? ğŸ˜±,240,369
589,2023-05-31,neverland,BIGBANG changed KPOP industry #VIP,912,79
590,2023-05-30,engene,Red Velvet vocals are insane ğŸ¶ #ReVeluv,973,335
591,2023-03-28,fearless,I love BTS so much! KPOP forever ğŸ’œ,661,298
592,2023-10-02,neverland,BLACKPINK in your area! ğŸ’–,550,29
593,2023-11-24,caratdiamond,Red Velvet vocals are insane ğŸ¶ #ReVeluv,947,225
594,2023-09-02,armylover,TXT are the future of KPOP ğŸ’™,370,411
595,2023-01-18,blinkqueen,BIGBANG changed KPOP industry #VIP,946,299
596,2023-02-22,vipfan,EXO still kings of KPOP ğŸ”¥,429,444
597,2023-02-06,vipfan,BIGBANG changed KPOP industry #VIP,260,341
598,2023-06-25,buddyfan,BTS paved the way #Army,835,71
599,2023-06-26,blinkkpop,Itzy charisma is no joke #MIDZY,600,117
600,2023-05-30,exolegend,Itzy charisma is no joke #MIDZY,519,487
601,2023-01-22,buddyfan,BLACKPINK in your area! ğŸ’–,54,43
602,2023-05-27,nctzenlife,Twice performance is so powerful #ONCE,107,174
603,2023-06-16,buddyfan,TXT are the future of KPOP ğŸ’™,381,306
604,2023-11-19,neverland,"Enhypen growing so fast, proud! #ENGENE",939,264
605,2023-08-01,armyforever,LOONA legends #Orbit,289,74
606,2023-11-23,shawol,Itzy charisma is no joke #MIDZY,202,360
607,2023-01-16,neverland,GFriend songs always touch my heart ğŸ’•,494,355
608,2023-09-14,buddyfan,Seventeen world tour is amazing! #CARAT,229,84
609,2023-03-18,reveluv,Stray Kids are dominating the stage! #STAY,78,167
610,2023-06-20,blinkkpop,Idle rising so strong #Neverland,257,443
611,2023-07-29,blinkqueen,"Enhypen growing so fast, proud! #ENGENE",885,488
612,2023-04-05,exolegend,LE SSERAFIM slaying stages #FEARLESS,913,69
613,2023-06-07,exolegend,Red Velvet vocals are insane ğŸ¶ #ReVeluv,866,99
614,2023-02-13,stayforever,Idle rising so strong #Neverland,231,365
615,2023-05-08,blinkqueen,NCT comeback soon! Can't wait ğŸ˜,903,311
616,2023-12-13,caratdiamond,SHINee forever kings #Shawol,530,220
617,2023-04-08,orbitluv,LOONA legends #Orbit,836,86
618,2023-09-26,moaarmy,GFriend songs always touch my heart ğŸ’•,206,472
619,2023-06-07,moaarmy,Idle rising so strong #Neverland,527,50
620,2023-09-29,engene,LOONA legends #Orbit,817,266
621,2023-08-11,shawol,Idle rising so strong #Neverland,348,478
622,2023-08-19,shawol,"Enhypen growing so fast, proud! #ENGENE",992,183
623,2023-06-30,exolegend,Itzy charisma is no joke #MIDZY,389,30
624,2023-11-29,armyforever,BLACKPINK in your area! ğŸ’–,631,485
625,2023-05-08,stayforever,Itzy charisma is no joke #MIDZY,677,486
626,2023-02-20,exolegend,BLACKPINK in your area! ğŸ’–,314,137
627,2023-12-03,nctzenlife,Idle rising so strong #Neverland,498,316
628,2023-02-28,midzy,LE SSERAFIM slaying stages #FEARLESS,482,10
629,2023-10-13,armyforever,TXT are the future of KPOP ğŸ’™,585,398
630,2023-02-08,neverland,EXO still kings of KPOP ğŸ”¥,638,386
631,2023-11-15,nctzenlife,BTS x BLACKPINK collab dream? ğŸ˜±,274,124
632,2023-11-17,engene,LE SSERAFIM slaying stages #FEARLESS,782,474
633,2023-10-11,shawol,Red Velvet vocals are insane ğŸ¶ #ReVeluv,395,212
634,2023-05-12,armyforever,EXO still kings of KPOP ğŸ”¥,760,103
635,2023-12-07,orbitluv,EXO still kings of KPOP ğŸ”¥,486,93
636,2023-06-12,shawol,I love BTS so much! KPOP forever ğŸ’œ,830,185
637,2023-08-17,armyblink,SHINee forever kings #Shawol,603,491
638,2023-01-06,caratdiamond,Itzy charisma is no joke #MIDZY,287,28
639,2023-04-12,armyblink,LE SSERAFIM slaying stages #FEARLESS,214,470
640,2023-04-29,armyforever,I love BTS so much! KPOP forever ğŸ’œ,202,461
641,2023-04-27,blinkkpop,BIGBANG changed KPOP industry #VIP,410,253
642,2023-07-27,armyforever,LE SSERAFIM slaying stages #FEARLESS,694,149
643,2023-10-24,blinkkpop,GFriend songs always touch my heart ğŸ’•,469,144
644,2023-02-19,armylover,Red Velvet vocals are insane ğŸ¶ #ReVeluv,620,67
645,2023-09-29,shawol,TXT are the future of KPOP ğŸ’™,62,194
646,2023-04-25,neverland,EXO still kings of KPOP ğŸ”¥,374,304
647,2023-10-14,armyforever,BLACKPINK in your area! ğŸ’–,486,298
648,2023-09-08,armylover,Itzy charisma is no joke #MIDZY,146,498
649,2023-10-07,reveluv,Itzy charisma is no joke #MIDZY,841,245
650,2023-05-03,blinkqueen,SHINee forever kings #Shawol,314,264
651,2023-03-13,armyblink,Itzy charisma is no joke #MIDZY,490,233
652,2023-05-03,exolegend,NCT comeback soon! Can't wait ğŸ˜,270,20
653,2023-02-21,fearless,BTS x BLACKPINK collab dream? ğŸ˜±,198,266
654,2023-08-02,shawol,LE SSERAFIM slaying stages #FEARLESS,781,185
655,2023-05-01,fearless,Itzy charisma is no joke #MIDZY,652,386
656,2023-05-21,oncefan,BLACKPINK just dropped a new MV ğŸ”¥ #KPOP,233,149
657,2023-07-10,blinkqueen,Twice performance is so powerful #ONCE,851,62
658,2023-07-09,neverland,BTS x BLACKPINK collab dream? ğŸ˜±,377,40
659,2023-07-13,nctzenlife,GFriend songs always touch my heart ğŸ’•,492,212
660,2023-12-28,orbitluv,BIGBANG changed KPOP industry #VIP,705,397
661,2023-09-20,exolegend,Itzy charisma is no joke #MIDZY,239,214
662,2023-09-20,shawol,Idle rising so strong #Neverland,192,36
663,2023-02-04,armylover,Stray Kids are dominating the stage! #STAY,789,286
664,2023-05-28,engene,Red Velvet vocals are insane ğŸ¶ #ReVeluv,884,178
665,2023-01-21,reveluv,TXT are the future of KPOP ğŸ’™,699,407
666,2023-02-20,buddyfan,Seventeen world tour is amazing! #CARAT,916,201
667,2023-06-17,buddyfan,BTS paved the way #Army,190,271
668,2023-05-17,exolegend,BLACKPINK in your area! ğŸ’–,469,329
669,2023-10-29,fearless,BIGBANG changed KPOP industry #VIP,195,389
670,2023-10-31,armylover,NCT comeback soon! Can't wait ğŸ˜,718,450
671,2023-09-13,armylover,Itzy charisma is no joke #MIDZY,341,209
672,2023-06-12,blinkkpop,Seventeen world tour is amazing! #CARAT,871,349
673,2023-10-31,engene,GFriend songs always touch my heart ğŸ’•,849,231
674,2023-02-09,orbitluv,Idle rising so strong #Neverland,585,76
675,2023-07-03,blinkqueen,Idle rising so strong #Neverland,338,29
676,2023-12-14,reveluv,Seventeen world tour is amazing! #CARAT,430,265
677,2023-07-15,orbitluv,SHINee forever kings #Shawol,550,119
678,2023-02-06,armylover,BIGBANG changed KPOP industry #VIP,861,38
679,2023-07-26,moaarmy,BTS paved the way #Army,926,191
680,2023-10-24,armyblink,LOONA legends #Orbit,287,158
681,2023-12-02,armylover,GFriend songs always touch my heart ğŸ’•,573,258
682,2023-11-03,caratdiamond,BTS x BLACKPINK collab dream? ğŸ˜±,208,223
683,2023-05-08,reveluv,Itzy charisma is no joke #MIDZY,350,260
684,2023-01-18,blinkkpop,BLACKPINK in your area! ğŸ’–,82,156
685,2023-05-23,blinkkpop,Twice performance is so powerful #ONCE,800,180
686,2023-06-09,oncefan,BLACKPINK in your area! ğŸ’–,836,299
687,2023-04-07,armylover,I love BTS so much! KPOP forever ğŸ’œ,485,342
688,2023-10-15,moaarmy,SHINee forever kings #Shawol,962,279
689,2023-01-30,armyblink,LE SSERAFIM slaying stages #FEARLESS,171,53
690,2023-02-04,blinkqueen,Stray Kids are dominating the stage! #STAY,80,223
691,2023-04-12,oncefan,Twice performance is so powerful #ONCE,433,113
692,2023-08-21,reveluv,TXT are the future of KPOP ğŸ’™,397,76
693,2023-11-28,blinkkpop,Stray Kids are dominating the stage! #STAY,761,186
694,2023-05-26,armyforever,Itzy charisma is no joke #MIDZY,177,187
695,2023-08-26,buddyfan,BLACKPINK just dropped a new MV ğŸ”¥ #KPOP,800,399
696,2023-04-01,armyblink,BLACKPINK in your area! ğŸ’–,86,91
697,2023-06-21,midzy,EXO still kings of KPOP ğŸ”¥,847,266
698,2023-11-04,midzy,Idle rising so strong #Neverland,850,475
699,2023-09-09,blinkkpop,BTS paved the way #Army,723,494
700,2023-09-20,caratdiamond,BIGBANG changed KPOP industry #VIP,483,330
701,2023-10-23,fearless,EXO still kings of KPOP ğŸ”¥,313,69
702,2023-10-19,exolegend,I love BTS so much! KPOP forever ğŸ’œ,961,118
703,2023-08-23,engene,LOONA legends #Orbit,463,311
704,2023-11-26,nctzenlife,EXO still kings of KPOP ğŸ”¥,106,320
705,2023-08-04,shawol,I love BTS so much! KPOP forever ğŸ’œ,236,201
706,2023-04-23,engene,BTS x BLACKPINK collab dream? ğŸ˜±,329,458
707,2023-09-20,armylover,TXT are the future of KPOP ğŸ’™,312,383
708,2023-06-09,blinkkpop,BTS paved the way #Army,281,254
709,2023-01-24,shawol,LOONA legends #Orbit,909,450
710,2023-11-22,armylover,Itzy charisma is no joke #MIDZY,237,205
711,2023-08-18,engene,Stray Kids are dominating the stage! #STAY,323,454
712,2023-05-29,buddyfan,Stray Kids are dominating the stage! #STAY,102,168
713,2023-05-17,oncefan,TXT are the future of KPOP ğŸ’™,251,84
714,2023-11-16,vipfan,BTS paved the way #Army,252,58
715,2023-06-23,caratdiamond,Stray Kids are dominating the stage! #STAY,562,124
716,2023-08-26,armyforever,Red Velvet vocals are insane ğŸ¶ #ReVeluv,209,75
717,2023-08-24,armylover,EXO still kings of KPOP ğŸ”¥,526,412
718,2023-01-06,stayforever,SHINee forever kings #Shawol,479,41
719,2023-03-14,blinkkpop,BLACKPINK just dropped a new MV ğŸ”¥ #KPOP,219,18
720,2023-08-05,vipfan,Twice performance is so powerful #ONCE,521,493
721,2023-04-17,vipfan,BLACKPINK just dropped a new MV ğŸ”¥ #KPOP,638,458
722,2023-02-15,buddyfan,BIGBANG changed KPOP industry #VIP,572,316
723,2023-07-03,armyforever,NCT comeback soon! Can't wait ğŸ˜,145,293
724,2023-10-13,fearless,Itzy charisma is no joke #MIDZY,434,439
725,2023-03-21,reveluv,Stray Kids are dominating the stage! #STAY,820,68
726,2023-02-28,midzy,Stray Kids are dominating the stage! #STAY,984,158
727,2023-04-17,blinkqueen,GFriend songs always touch my heart ğŸ’•,158,167
728,2023-08-11,fearless,LE SSERAFIM slaying stages #FEARLESS,730,28
729,2023-06-23,oncefan,BTS paved the way #Army,950,121
730,2023-01-15,moaarmy,I love BTS so much! KPOP forever ğŸ’œ,185,297
731,2023-06-27,fearless,I love BTS so much! KPOP forever ğŸ’œ,541,357
732,2023-07-07,moaarmy,BLACKPINK just dropped a new MV ğŸ”¥ #KPOP,847,288
733,2023-02-02,armyblink,"Enhypen growing so fast, proud! #ENGENE",269,467
734,2023-04-02,vipfan,Red Velvet vocals are insane ğŸ¶ #ReVeluv,438,58
735,2023-08-16,vipfan,BTS paved the way #Army,981,275
736,2023-11-30,vipfan,BLACKPINK just dropped a new MV ğŸ”¥ #KPOP,332,47
737,2023-03-10,caratdiamond,Twice performance is so powerful #ONCE,439,30
738,2023-06-15,reveluv,BLACKPINK just dropped a new MV ğŸ”¥ #KPOP,477,333
739,2023-01-11,oncefan,NCT comeback soon! Can't wait ğŸ˜,722,491
740,2023-07-30,armylover,EXO still kings of KPOP ğŸ”¥,523,88
741,2023-02-07,orbitluv,SHINee forever kings #Shawol,848,173
742,2023-01-19,stayforever,BLACKPINK in your area! ğŸ’–,765,200
743,2023-05-19,nctzenlife,Idle rising so strong #Neverland,403,296
744,2023-04-12,nctzenlife,Itzy charisma is no joke #MIDZY,349,17
745,2023-12-28,exolegend,NCT comeback soon! Can't wait ğŸ˜,686,258
746,2023-02-06,armylover,EXO still kings of KPOP ğŸ”¥,140,238
747,2023-02-21,exolegend,LOONA legends #Orbit,507,132
748,2023-09-15,engene,BTS x BLACKPINK collab dream? ğŸ˜±,143,479
749,2023-04-06,orbitluv,"Enhypen growing so fast, proud! #ENGENE",124,379
750,2023-10-30,blinkqueen,Stray Kids are dominating the stage! #STAY,351,338
751,2023-07-08,vipfan,GFriend songs always touch my heart ğŸ’•,835,185
752,2023-02-01,blinkqueen,Idle rising so strong #Neverland,55,456
753,2023-01-25,blinkkpop,Idle rising so strong #Neverland,601,374
754,2023-05-07,blinkqueen,GFriend songs always touch my heart ğŸ’•,573,286
755,2023-11-09,moaarmy,BLACKPINK in your area! ğŸ’–,426,231
756,2023-04-05,nctzenlife,Twice performance is so powerful #ONCE,812,195
757,2023-08-11,reveluv,BTS paved the way #Army,242,333
758,2023-06-04,exolegend,BTS x BLACKPINK collab dream? ğŸ˜±,205,109
759,2023-03-10,armyblink,LOONA legends #Orbit,541,10
760,2023-03-03,orbitluv,Seventeen world tour is amazing! #CARAT,796,460
761,2023-05-22,armyforever,TXT are the future of KPOP ğŸ’™,465,271
762,2023-09-21,vipfan,NCT comeback soon! Can't wait ğŸ˜,82,21
763,2023-09-10,oncefan,Itzy charisma is no joke #MIDZY,583,442
764,2023-06-28,midzy,Itzy charisma is no joke #MIDZY,337,124
765,2023-02-16,moaarmy,NCT comeback soon! Can't wait ğŸ˜,55,260
766,2023-10-14,shawol,Stray Kids are dominating the stage! #STAY,999,268
767,2023-10-17,midzy,TXT are the future of KPOP ğŸ’™,74,173
768,2023-09-12,neverland,Red Velvet vocals are insane ğŸ¶ #ReVeluv,920,391
769,2023-08-27,nctzenlife,GFriend songs always touch my heart ğŸ’•,730,220
770,2023-06-22,orbitluv,NCT comeback soon! Can't wait ğŸ˜,839,106
771,2023-12-31,armyblink,Red Velvet vocals are insane ğŸ¶ #ReVeluv,459,201
772,2023-01-11,orbitluv,Idle rising so strong #Neverland,469,266
773,2023-07-12,armylover,BIGBANG changed KPOP industry #VIP,766,296
774,2023-12-01,armyblink,EXO still kings of KPOP ğŸ”¥,251,63
775,2023-07-24,armylover,LE SSERAFIM slaying stages #FEARLESS,784,210
776,2023-05-25,armyblink,SHINee forever kings #Shawol,426,70
777,2023-03-21,shawol,SHINee forever kings #Shawol,935,362
778,2023-04-21,shawol,I love BTS so much! KPOP forever ğŸ’œ,897,155
779,2023-06-14,armyblink,BLACKPINK just dropped a new MV ğŸ”¥ #KPOP,791,274
780,2023-06-27,exolegend,BLACKPINK in your area! ğŸ’–,382,482
781,2023-08-29,reveluv,Stray Kids are dominating the stage! #STAY,174,191
782,2023-10-05,blinkqueen,Seventeen world tour is amazing! #CARAT,146,335
783,2023-08-20,oncefan,TXT are the future of KPOP ğŸ’™,868,498
784,2023-05-08,shawol,Stray Kids are dominating the stage! #STAY,467,62
785,2023-10-11,vipfan,Seventeen world tour is amazing! #CARAT,115,20
786,2023-05-03,caratdiamond,Stray Kids are dominating the stage! #STAY,565,431
787,2023-03-30,stayforever,Twice performance is so powerful #ONCE,514,137
788,2023-02-15,blinkqueen,I love BTS so much! KPOP forever ğŸ’œ,134,116
789,2023-10-08,neverland,BIGBANG changed KPOP industry #VIP,879,11
790,2023-09-19,armylover,BIGBANG changed KPOP industry #VIP,627,499
791,2023-03-14,shawol,Itzy charisma is no joke #MIDZY,59,314
792,2023-01-15,midzy,BLACKPINK in your area! ğŸ’–,766,289
793,2023-07-15,caratdiamond,Twice performance is so powerful #ONCE,218,249
794,2023-06-02,armylover,Red Velvet vocals are insane ğŸ¶ #ReVeluv,338,102
795,2023-10-02,buddyfan,BIGBANG changed KPOP industry #VIP,284,184
796,2023-04-16,oncefan,BLACKPINK in your area! ğŸ’–,346,29
797,2023-09-25,armyblink,"Enhypen growing so fast, proud! #ENGENE",267,155
798,2023-12-04,exolegend,GFriend songs always touch my heart ğŸ’•,857,270
799,2023-11-10,fearless,LE SSERAFIM slaying stages #FEARLESS,736,406
800,2023-02-05,stayforever,Red Velvet vocals are insane ğŸ¶ #ReVeluv,974,391
801,2023-07-08,reveluv,Red Velvet vocals are insane ğŸ¶ #ReVeluv,875,239
802,2023-03-23,midzy,BTS paved the way #Army,602,279
803,2023-04-16,engene,SHINee forever kings #Shawol,266,330
804,2023-06-23,armyblink,Seventeen world tour is amazing! #CARAT,179,198
805,2023-10-23,armylover,BTS paved the way #Army,339,127
806,2023-08-14,oncefan,SHINee forever kings #Shawol,855,50
807,2023-11-06,stayforever,SHINee forever kings #Shawol,955,324
808,2023-07-26,fearless,SHINee forever kings #Shawol,985,212
809,2023-02-26,blinkkpop,BLACKPINK just dropped a new MV ğŸ”¥ #KPOP,64,50
810,2023-09-22,armyforever,Itzy charisma is no joke #MIDZY,397,111
811,2023-05-31,neverland,BTS paved the way #Army,315,145
812,2023-07-07,fearless,I love BTS so much! KPOP forever ğŸ’œ,815,55
813,2023-01-20,orbitluv,Red Velvet vocals are insane ğŸ¶ #ReVeluv,465,101
814,2023-05-27,armyforever,LE SSERAFIM slaying stages #FEARLESS,142,198
815,2023-08-19,fearless,BLACKPINK just dropped a new MV ğŸ”¥ #KPOP,864,370
816,2023-06-03,stayforever,SHINee forever kings #Shawol,907,447
817,2023-09-22,shawol,"Enhypen growing so fast, proud! #ENGENE",519,402
818,2023-07-05,nctzenlife,BIGBANG changed KPOP industry #VIP,885,57
819,2023-03-17,stayforever,Red Velvet vocals are insane ğŸ¶ #ReVeluv,168,272
820,2023-07-25,stayforever,SHINee forever kings #Shawol,505,484
821,2023-09-14,blinkqueen,NCT comeback soon! Can't wait ğŸ˜,806,41
822,2023-02-10,armylover,Itzy charisma is no joke #MIDZY,678,124
823,2023-09-30,engene,Seventeen world tour is amazing! #CARAT,542,328
824,2023-09-20,orbitluv,SHINee forever kings #Shawol,838,312
825,2023-08-30,armyforever,NCT comeback soon! Can't wait ğŸ˜,540,270
826,2023-05-08,moaarmy,BTS x BLACKPINK collab dream? ğŸ˜±,233,362
827,2023-02-22,stayforever,BLACKPINK just dropped a new MV ğŸ”¥ #KPOP,499,252
828,2023-09-20,buddyfan,Idle rising so strong #Neverland,972,472
829,2023-12-14,orbitluv,SHINee forever kings #Shawol,130,400
830,2023-04-03,blinkkpop,BTS x BLACKPINK collab dream? ğŸ˜±,293,306
831,2023-02-21,armyforever,Idle rising so strong #Neverland,819,356
832,2023-09-29,armyblink,GFriend songs always touch my heart ğŸ’•,350,345
833,2023-11-26,blinkkpop,BLACKPINK in your area! ğŸ’–,834,87
834,2023-03-02,buddyfan,LE SSERAFIM slaying stages #FEARLESS,132,118
835,2023-01-09,moaarmy,SHINee forever kings #Shawol,330,458
836,2023-01-04,exolegend,GFriend songs always touch my heart ğŸ’•,611,274
837,2023-01-16,moaarmy,Twice performance is so powerful #ONCE,762,342
838,2023-11-05,armyblink,Stray Kids are dominating the stage! #STAY,590,32
839,2023-08-29,nctzenlife,GFriend songs always touch my heart ğŸ’•,358,156
840,2023-12-28,caratdiamond,GFriend songs always touch my heart ğŸ’•,323,11
841,2023-05-06,orbitluv,LOONA legends #Orbit,753,453
842,2023-02-07,neverland,Red Velvet vocals are insane ğŸ¶ #ReVeluv,945,402
843,2023-03-22,shawol,EXO still kings of KPOP ğŸ”¥,717,359
844,2023-02-27,vipfan,NCT comeback soon! Can't wait ğŸ˜,779,88
845,2023-06-13,vipfan,BTS x BLACKPINK collab dream? ğŸ˜±,876,317
846,2023-10-09,reveluv,BLACKPINK in your area! ğŸ’–,975,465
847,2023-10-31,fearless,Stray Kids are dominating the stage! #STAY,69,123
848,2023-12-23,armyblink,Stray Kids are dominating the stage! #STAY,883,359
849,2023-03-19,neverland,LE SSERAFIM slaying stages #FEARLESS,194,51
850,2023-04-03,engene,BLACKPINK just dropped a new MV ğŸ”¥ #KPOP,275,165
851,2023-01-25,armyforever,LOONA legends #Orbit,350,153
852,2023-03-29,armyforever,Itzy charisma is no joke #MIDZY,172,188
853,2023-05-10,neverland,"Enhypen growing so fast, proud! #ENGENE",992,27
854,2023-08-13,armyblink,"Enhypen growing so fast, proud! #ENGENE",547,169
855,2023-03-27,midzy,NCT comeback soon! Can't wait ğŸ˜,316,380
856,2023-03-08,stayforever,BTS x BLACKPINK collab dream? ğŸ˜±,788,277
857,2023-01-08,armyblink,GFriend songs always touch my heart ğŸ’•,955,367
858,2023-04-27,stayforever,"Enhypen growing so fast, proud! #ENGENE",238,116
859,2023-10-10,fearless,LOONA legends #Orbit,313,449
860,2023-06-28,reveluv,TXT are the future of KPOP ğŸ’™,514,250
861,2023-06-18,armyforever,SHINee forever kings #Shawol,866,132
862,2023-03-02,midzy,"Enhypen growing so fast, proud! #ENGENE",715,144
863,2023-08-25,armyblink,Red Velvet vocals are insane ğŸ¶ #ReVeluv,470,181
864,2023-11-19,orbitluv,Seventeen world tour is amazing! #CARAT,478,479
865,2023-02-21,blinkkpop,BIGBANG changed KPOP industry #VIP,555,31
866,2023-07-12,shawol,Red Velvet vocals are insane ğŸ¶ #ReVeluv,511,79
867,2023-04-20,fearless,I love BTS so much! KPOP forever ğŸ’œ,903,335
868,2023-12-18,neverland,GFriend songs always touch my heart ğŸ’•,284,451
869,2023-03-28,vipfan,BTS x BLACKPINK collab dream? ğŸ˜±,364,194
870,2023-03-06,orbitluv,BTS x BLACKPINK collab dream? ğŸ˜±,569,186
871,2023-05-27,moaarmy,EXO still kings of KPOP ğŸ”¥,950,408
872,2023-06-03,caratdiamond,BIGBANG changed KPOP industry #VIP,795,294
873,2023-04-26,shawol,BTS x BLACKPINK collab dream? ğŸ˜±,557,332
874,2023-10-04,fearless,GFriend songs always touch my heart ğŸ’•,110,330
875,2023-09-14,armyforever,BLACKPINK just dropped a new MV ğŸ”¥ #KPOP,406,295
876,2023-03-23,blinkkpop,BLACKPINK just dropped a new MV ğŸ”¥ #KPOP,215,475
877,2023-10-09,midzy,BTS paved the way #Army,608,177
878,2023-01-17,armylover,BLACKPINK in your area! ğŸ’–,266,124
879,2023-01-20,blinkkpop,Idle rising so strong #Neverland,699,133
880,2023-12-27,armyblink,NCT comeback soon! Can't wait ğŸ˜,571,36
881,2023-02-07,oncefan,Twice performance is so powerful #ONCE,945,220
882,2023-02-21,nctzenlife,LOONA legends #Orbit,287,358
883,2023-02-01,fearless,BTS paved the way #Army,95,116
884,2023-05-15,neverland,SHINee forever kings #Shawol,434,447
885,2023-01-11,armyblink,BLACKPINK just dropped a new MV ğŸ”¥ #KPOP,963,391
886,2023-12-21,blinkkpop,BLACKPINK just dropped a new MV ğŸ”¥ #KPOP,877,320
887,2023-09-11,orbitluv,"Enhypen growing so fast, proud! #ENGENE",904,386
888,2023-08-15,neverland,I love BTS so much! KPOP forever ğŸ’œ,449,217
889,2023-04-22,oncefan,Red Velvet vocals are insane ğŸ¶ #ReVeluv,464,89
890,2023-07-25,blinkkpop,Itzy charisma is no joke #MIDZY,254,102
891,2023-02-09,exolegend,BTS x BLACKPINK collab dream? ğŸ˜±,105,88
892,2023-04-04,buddyfan,Seventeen world tour is amazing! #CARAT,984,199
893,2023-06-09,reveluv,Seventeen world tour is amazing! #CARAT,142,487
894,2023-05-14,nctzenlife,NCT comeback soon! Can't wait ğŸ˜,942,133
895,2023-10-26,armyblink,I love BTS so much! KPOP forever ğŸ’œ,338,330
896,2023-05-20,buddyfan,"Enhypen growing so fast, proud! #ENGENE",795,88
897,2023-05-10,neverland,NCT comeback soon! Can't wait ğŸ˜,345,281
898,2023-05-15,blinkqueen,GFriend songs always touch my heart ğŸ’•,710,64
899,2023-06-18,blinkqueen,"Enhypen growing so fast, proud! #ENGENE",439,26
900,2023-09-09,armyforever,LOONA legends #Orbit,550,302
901,2023-05-24,armyforever,I love BTS so much! KPOP forever ğŸ’œ,228,65
902,2023-06-17,buddyfan,BLACKPINK just dropped a new MV ğŸ”¥ #KPOP,202,283
903,2023-06-21,armyforever,BLACKPINK in your area! ğŸ’–,731,66
904,2023-12-22,armyblink,Itzy charisma is no joke #MIDZY,230,157
905,2023-04-04,fearless,LE SSERAFIM slaying stages #FEARLESS,123,416
906,2023-04-11,shawol,I love BTS so much! KPOP forever ğŸ’œ,913,59
907,2023-09-23,oncefan,Itzy charisma is no joke #MIDZY,56,62
908,2023-08-31,caratdiamond,Red Velvet vocals are insane ğŸ¶ #ReVeluv,198,193
909,2023-07-08,vipfan,Stray Kids are dominating the stage! #STAY,672,173
910,2023-12-31,armyblink,LE SSERAFIM slaying stages #FEARLESS,482,386
911,2023-05-14,engene,Itzy charisma is no joke #MIDZY,582,382
912,2023-04-14,armyblink,SHINee forever kings #Shawol,104,339
913,2023-09-23,reveluv,BTS x BLACKPINK collab dream? ğŸ˜±,616,167
914,2023-02-14,midzy,GFriend songs always touch my heart ğŸ’•,585,277
915,2023-12-13,neverland,Itzy charisma is no joke #MIDZY,345,499
916,2023-05-25,oncefan,EXO still kings of KPOP ğŸ”¥,461,20
917,2023-02-12,armyforever,Itzy charisma is no joke #MIDZY,992,297
918,2023-04-25,armylover,"Enhypen growing so fast, proud! #ENGENE",849,11
919,2023-09-18,vipfan,Twice performance is so powerful #ONCE,661,421
920,2023-01-17,neverland,Itzy charisma is no joke #MIDZY,291,100
921,2023-03-28,armyblink,SHINee forever kings #Shawol,514,29
922,2023-05-24,oncefan,EXO still kings of KPOP ğŸ”¥,127,279
923,2023-04-15,midzy,EXO still kings of KPOP ğŸ”¥,426,269
924,2023-12-15,stayforever,Seventeen world tour is amazing! #CARAT,680,463
925,2023-05-16,blinkqueen,LE SSERAFIM slaying stages #FEARLESS,460,24
926,2023-11-10,armyblink,Twice performance is so powerful #ONCE,636,209
927,2023-04-25,armyblink,BIGBANG changed KPOP industry #VIP,153,396
928,2023-04-27,stayforever,I love BTS so much! KPOP forever ğŸ’œ,523,480
929,2023-06-08,midzy,Itzy charisma is no joke #MIDZY,516,71
930,2023-03-29,shawol,Twice performance is so powerful #ONCE,68,34
931,2023-11-05,armylover,Idle rising so strong #Neverland,318,354
932,2023-09-15,shawol,"Enhypen growing so fast, proud! #ENGENE",480,101
933,2023-09-25,fearless,EXO still kings of KPOP ğŸ”¥,716,439
934,2023-03-05,nctzenlife,GFriend songs always touch my heart ğŸ’•,793,325
935,2023-01-23,blinkkpop,"Enhypen growing so fast, proud! #ENGENE",596,229
936,2023-05-29,blinkqueen,BLACKPINK in your area! ğŸ’–,843,136
937,2023-07-03,engene,NCT comeback soon! Can't wait ğŸ˜,321,346
938,2023-08-22,blinkkpop,BTS paved the way #Army,912,12
939,2023-06-18,armyforever,Idle rising so strong #Neverland,621,19
940,2023-12-18,reveluv,Red Velvet vocals are insane ğŸ¶ #ReVeluv,117,308
941,2023-01-26,exolegend,"Enhypen growing so fast, proud! #ENGENE",56,42
942,2023-01-28,blinkkpop,LE SSERAFIM slaying stages #FEARLESS,445,303
943,2023-04-19,blinkqueen,Red Velvet vocals are insane ğŸ¶ #ReVeluv,471,393
944,2023-08-04,armylover,LOONA legends #Orbit,346,385
945,2023-02-13,moaarmy,BIGBANG changed KPOP industry #VIP,367,15
946,2023-05-29,orbitluv,LOONA legends #Orbit,268,353
947,2023-07-20,buddyfan,TXT are the future of KPOP ğŸ’™,980,312
948,2023-06-19,armylover,SHINee forever kings #Shawol,364,52
949,2023-04-28,engene,BIGBANG changed KPOP industry #VIP,479,331
950,2023-04-23,stayforever,EXO still kings of KPOP ğŸ”¥,449,91
951,2023-10-04,neverland,NCT comeback soon! Can't wait ğŸ˜,440,295
952,2023-08-23,blinkqueen,Twice performance is so powerful #ONCE,514,500
953,2023-04-26,moaarmy,Twice performance is so powerful #ONCE,333,479
954,2023-09-05,armyforever,BIGBANG changed KPOP industry #VIP,772,79
955,2023-08-21,blinkkpop,EXO still kings of KPOP ğŸ”¥,378,422
956,2023-08-15,vipfan,Itzy charisma is no joke #MIDZY,275,400
957,2023-04-13,stayforever,LOONA legends #Orbit,191,74
958,2023-01-25,blinkkpop,GFriend songs always touch my heart ğŸ’•,840,146
959,2023-02-06,engene,LOONA legends #Orbit,938,345
960,2023-07-24,caratdiamond,BTS x BLACKPINK collab dream? ğŸ˜±,782,361
961,2023-07-30,nctzenlife,TXT are the future of KPOP ğŸ’™,856,99
962,2023-09-07,armylover,BLACKPINK in your area! ğŸ’–,689,349
963,2023-07-29,midzy,TXT are the future of KPOP ğŸ’™,530,95
964,2023-09-10,blinkqueen,EXO still kings of KPOP ğŸ”¥,61,341
965,2023-06-17,moaarmy,Itzy charisma is no joke #MIDZY,608,394
966,2023-06-08,blinkkpop,I love BTS so much! KPOP forever ğŸ’œ,588,286
967,2023-08-17,blinkkpop,EXO still kings of KPOP ğŸ”¥,701,206
968,2023-10-01,moaarmy,I love BTS so much! KPOP forever ğŸ’œ,576,356
969,2023-10-05,armylover,Idle rising so strong #Neverland,119,370
970,2023-12-17,armyforever,Red Velvet vocals are insane ğŸ¶ #ReVeluv,306,202
971,2023-05-10,armylover,Twice performance is so powerful #ONCE,855,357
972,2023-03-24,engene,I love BTS so much! KPOP forever ğŸ’œ,845,87
973,2023-11-24,fearless,SHINee forever kings #Shawol,134,352
974,2023-06-22,shawol,Itzy charisma is no joke #MIDZY,788,199
975,2023-04-13,reveluv,LOONA legends #Orbit,748,297
976,2023-03-06,neverland,I love BTS so much! KPOP forever ğŸ’œ,706,226
977,2023-06-03,vipfan,Seventeen world tour is amazing! #CARAT,342,471
978,2023-04-11,vipfan,BIGBANG changed KPOP industry #VIP,442,455
979,2023-07-27,blinkkpop,LOONA legends #Orbit,73,189
980,2023-10-15,midzy,Seventeen world tour is amazing! #CARAT,912,253
981,2023-02-14,armyblink,Itzy charisma is no joke #MIDZY,709,57
982,2023-02-18,armylover,NCT comeback soon! Can't wait ğŸ˜,184,216
983,2023-06-11,orbitluv,LOONA legends #Orbit,299,206
984,2023-04-27,caratdiamond,"Enhypen growing so fast, proud! #ENGENE",995,173
985,2023-10-05,nctzenlife,Seventeen world tour is amazing! #CARAT,919,124
986,2023-05-15,reveluv,TXT are the future of KPOP ğŸ’™,67,99
987,2023-03-12,orbitluv,Itzy charisma is no joke #MIDZY,270,326
988,2023-07-14,orbitluv,SHINee forever kings #Shawol,351,12
989,2023-05-22,shawol,LOONA legends #Orbit,62,72
990,2023-08-13,moaarmy,BIGBANG changed KPOP industry #VIP,571,41
991,2023-05-25,neverland,Stray Kids are dominating the stage! #STAY,238,398
992,2023-12-06,shawol,EXO still kings of KPOP ğŸ”¥,452,104
993,2023-02-03,blinkkpop,BLACKPINK just dropped a new MV ğŸ”¥ #KPOP,998,128
994,2023-01-02,blinkkpop,NCT comeback soon! Can't wait ğŸ˜,638,263
995,2023-12-29,midzy,LOONA legends #Orbit,52,318
996,2023-05-24,orbitluv,BLACKPINK in your area! ğŸ’–,902,145
997,2023-02-22,blinkkpop,BIGBANG changed KPOP industry #VIP,819,435
998,2023-07-28,armyblink,BTS x BLACKPINK collab dream? ğŸ˜±,590,472
999,2023-11-17,blinkkpop,Itzy charisma is no joke #MIDZY,699,177
1000,2023-03-09,caratdiamond,Twice performance is so powerful #ONCE,71,23
1001,2023-08-05,fearless,"Enhypen growing so fast, proud! #ENGENE",988,471
1002,2023-09-27,moaarmy,BLACKPINK in your area! ğŸ’–,684,382
1003,2023-06-25,neverland,I love BTS so much! KPOP forever ğŸ’œ,241,484
1004,2023-08-31,caratdiamond,Stray Kids are dominating the stage! #STAY,109,98
1005,2023-02-08,moaarmy,Red Velvet vocals are insane ğŸ¶ #ReVeluv,686,100
1006,2023-08-18,midzy,Idle rising so strong #Neverland,549,103
1007,2023-08-27,orbitluv,"Enhypen growing so fast, proud! #ENGENE",500,200
1008,2023-03-14,nctzenlife,NCT comeback soon! Can't wait ğŸ˜,281,450
1009,2023-09-20,engene,BTS x BLACKPINK collab dream? ğŸ˜±,969,300
1010,2023-05-27,shawol,BLACKPINK just dropped a new MV ğŸ”¥ #KPOP,458,115
1011,2023-03-26,fearless,Itzy charisma is no joke #MIDZY,89,466
1012,2023-12-18,nctzenlife,LOONA legends #Orbit,585,317
1013,2023-02-19,midzy,BTS paved the way #Army,961,240
1014,2023-11-11,vipfan,Itzy charisma is no joke #MIDZY,95,42
1015,2023-09-24,moaarmy,BLACKPINK in your area! ğŸ’–,562,88
1016,2023-09-23,armyforever,BTS x BLACKPINK collab dream? ğŸ˜±,813,238
1017,2023-03-23,reveluv,BIGBANG changed KPOP industry #VIP,238,235
1018,2023-05-26,blinkqueen,BTS x BLACKPINK collab dream? ğŸ˜±,364,221
1019,2023-11-11,exolegend,SHINee forever kings #Shawol,450,474
1020,2023-12-31,armylover,Stray Kids are dominating the stage! #STAY,498,220
1021,2023-07-01,oncefan,Red Velvet vocals are insane ğŸ¶ #ReVeluv,131,266
1022,2023-11-10,armyforever,BTS paved the way #Army,89,17
1023,2023-02-08,midzy,LE SSERAFIM slaying stages #FEARLESS,136,20
1024,2023-02-16,moaarmy,Twice performance is so powerful #ONCE,871,297
1025,2023-07-19,stayforever,TXT are the future of KPOP ğŸ’™,551,412
1026,2023-11-25,reveluv,BLACKPINK in your area! ğŸ’–,970,64
1027,2023-09-02,armylover,GFriend songs always touch my heart ğŸ’•,320,386
1028,2023-04-13,caratdiamond,Idle rising so strong #Neverland,100,216
1029,2023-05-01,buddyfan,GFriend songs always touch my heart ğŸ’•,844,18
1030,2023-05-06,armyforever,Itzy charisma is no joke #MIDZY,238,447
1031,2023-09-12,armyforever,SHINee forever kings #Shawol,851,491
1032,2023-01-11,shawol,NCT comeback soon! Can't wait ğŸ˜,958,406
1033,2023-10-18,exolegend,Idle rising so strong #Neverland,532,37
1034,2023-05-02,stayforever,I love BTS so much! KPOP forever ğŸ’œ,960,311
1035,2023-07-07,nctzenlife,TXT are the future of KPOP ğŸ’™,850,84
1036,2023-07-11,caratdiamond,GFriend songs always touch my heart ğŸ’•,69,50
1037,2023-07-21,midzy,SHINee forever kings #Shawol,691,232
1038,2023-04-29,stayforever,"Enhypen growing so fast, proud! #ENGENE",881,424
1039,2023-01-06,blinkqueen,LE SSERAFIM slaying stages #FEARLESS,478,168
1040,2023-08-06,exolegend,Seventeen world tour is amazing! #CARAT,974,106
1041,2023-03-22,midzy,NCT comeback soon! Can't wait ğŸ˜,201,208
1042,2023-05-03,fearless,Itzy charisma is no joke #MIDZY,850,266
1043,2023-05-23,reveluv,EXO still kings of KPOP ğŸ”¥,293,114
1044,2023-02-10,vipfan,I love BTS so much! KPOP forever ğŸ’œ,909,463
1045,2023-04-03,midzy,LE SSERAFIM slaying stages #FEARLESS,329,11
1046,2023-12-01,armylover,BTS paved the way #Army,848,256
1047,2023-12-08,fearless,EXO still kings of KPOP ğŸ”¥,451,499
1048,2023-05-06,buddyfan,GFriend songs always touch my heart ğŸ’•,199,132
1049,2023-03-15,moaarmy,Twice performance is so powerful #ONCE,662,287
1050,2023-05-07,nctzenlife,GFriend songs always touch my heart ğŸ’•,782,500
1051,2023-04-22,blinkqueen,LE SSERAFIM slaying stages #FEARLESS,165,434
1052,2023-10-21,oncefan,BIGBANG changed KPOP industry #VIP,350,43
1053,2023-04-13,armylover,BLACKPINK in your area! ğŸ’–,821,486
1054,2023-04-04,caratdiamond,Seventeen world tour is amazing! #CARAT,532,107
1055,2023-04-18,caratdiamond,BLACKPINK in your area! ğŸ’–,135,68
1056,2023-12-31,reveluv,Seventeen world tour is amazing! #CARAT,275,376
1057,2023-07-13,armylover,Idle rising so strong #Neverland,189,27
1058,2023-10-22,midzy,NCT comeback soon! Can't wait ğŸ˜,825,144
1059,2023-02-26,stayforever,Seventeen world tour is amazing! #CARAT,864,42
1060,2023-05-05,moaarmy,LOONA legends #Orbit,93,428
1061,2023-02-09,moaarmy,Itzy charisma is no joke #MIDZY,259,454
1062,2023-05-13,midzy,I love BTS so much! KPOP forever ğŸ’œ,166,445
1063,2023-09-10,fearless,Seventeen world tour is amazing! #CARAT,202,228
1064,2023-07-11,orbitluv,LOONA legends #Orbit,895,164
1065,2023-07-18,blinkqueen,TXT are the future of KPOP ğŸ’™,140,213
1066,2023-06-09,blinkkpop,Red Velvet vocals are insane ğŸ¶ #ReVeluv,993,176
1067,2023-08-18,midzy,"Enhypen growing so fast, proud! #ENGENE",144,204
1068,2023-09-22,reveluv,"Enhypen growing so fast, proud! #ENGENE",772,283
1069,2023-11-08,shawol,TXT are the future of KPOP ğŸ’™,435,124
1070,2023-09-07,armyforever,EXO still kings of KPOP ğŸ”¥,448,493
1071,2023-10-04,blinkqueen,Idle rising so strong #Neverland,474,312
1072,2023-10-14,moaarmy,LOONA legends #Orbit,404,126
1073,2023-09-10,blinkqueen,BTS x BLACKPINK collab dream? ğŸ˜±,584,384
1074,2023-02-16,armyblink,TXT are the future of KPOP ğŸ’™,374,407
1075,2023-11-01,buddyfan,Stray Kids are dominating the stage! #STAY,146,59
1076,2023-08-06,oncefan,TXT are the future of KPOP ğŸ’™,983,30
1077,2023-09-07,reveluv,Idle rising so strong #Neverland,273,130
1078,2023-11-06,blinkqueen,Twice performance is so powerful #ONCE,657,182
1079,2023-08-26,blinkkpop,BLACKPINK just dropped a new MV ğŸ”¥ #KPOP,281,27
1080,2023-04-22,oncefan,GFriend songs always touch my heart ğŸ’•,509,156
1081,2023-07-20,shawol,Seventeen world tour is amazing! #CARAT,595,493
1082,2023-02-07,nctzenlife,Stray Kids are dominating the stage! #STAY,817,368
1083,2023-06-29,moaarmy,Stray Kids are dominating the stage! #STAY,653,273
1084,2023-03-15,caratdiamond,LE SSERAFIM slaying stages #FEARLESS,836,17
1085,2023-04-30,blinkqueen,BLACKPINK just dropped a new MV ğŸ”¥ #KPOP,254,129
1086,2023-02-08,stayforever,Red Velvet vocals are insane ğŸ¶ #ReVeluv,386,486
1087,2023-08-29,oncefan,SHINee forever kings #Shawol,820,206
1088,2023-08-21,engene,LE SSERAFIM slaying stages #FEARLESS,305,297
1089,2023-03-19,nctzenlife,EXO still kings of KPOP ğŸ”¥,192,418
1090,2023-06-26,oncefan,"Enhypen growing so fast, proud! #ENGENE",964,110
1091,2023-04-06,shawol,LE SSERAFIM slaying stages #FEARLESS,633,254
1092,2023-08-02,exolegend,Stray Kids are dominating the stage! #STAY,587,485
1093,2023-05-24,buddyfan,GFriend songs always touch my heart ğŸ’•,321,288
1094,2023-03-08,oncefan,Red Velvet vocals are insane ğŸ¶ #ReVeluv,90,63
1095,2023-12-30,reveluv,TXT are the future of KPOP ğŸ’™,536,91
1096,2023-07-25,fearless,GFriend songs always touch my heart ğŸ’•,453,307
1097,2023-06-17,fearless,BIGBANG changed KPOP industry #VIP,134,417
1098,2023-03-20,orbitluv,BTS paved the way #Army,920,413
1099,2023-09-26,reveluv,Red Velvet vocals are insane ğŸ¶ #ReVeluv,636,113
1100,2023-09-30,blinkqueen,LOONA legends #Orbit,400,269
1101,2023-09-04,buddyfan,Itzy charisma is no joke #MIDZY,265,243
1102,2023-11-10,neverland,Twice performance is so powerful #ONCE,696,276
1103,2023-04-12,armyforever,SHINee forever kings #Shawol,107,44
1104,2023-06-15,stayforever,LE SSERAFIM slaying stages #FEARLESS,857,284
1105,2023-07-05,blinkkpop,BTS x BLACKPINK collab dream? ğŸ˜±,484,467
1106,2023-03-29,armyblink,NCT comeback soon! Can't wait ğŸ˜,166,250
1107,2023-10-20,stayforever,BLACKPINK just dropped a new MV ğŸ”¥ #KPOP,757,411
1108,2023-09-02,caratdiamond,Twice performance is so powerful #ONCE,127,417
1109,2023-06-19,moaarmy,BTS paved the way #Army,622,353
1110,2023-11-12,buddyfan,BTS paved the way #Army,726,93
1111,2023-06-25,vipfan,Red Velvet vocals are insane ğŸ¶ #ReVeluv,153,127
1112,2023-07-14,armyblink,BTS x BLACKPINK collab dream? ğŸ˜±,324,215
1113,2023-09-03,armylover,GFriend songs always touch my heart ğŸ’•,627,328
1114,2023-07-07,armyblink,EXO still kings of KPOP ğŸ”¥,846,373
1115,2023-04-06,fearless,BLACKPINK in your area! ğŸ’–,584,367
1116,2023-09-02,armyforever,LOONA legends #Orbit,602,293
1117,2023-02-09,midzy,Seventeen world tour is amazing! #CARAT,269,151
1118,2023-05-14,caratdiamond,BTS x BLACKPINK collab dream? ğŸ˜±,554,454
1119,2023-12-02,vipfan,Seventeen world tour is amazing! #CARAT,990,211
1120,2023-03-13,neverland,Idle rising so strong #Neverland,969,477
1121,2023-12-23,engene,LOONA legends #Orbit,213,257
1122,2023-08-04,blinkqueen,I love BTS so much! KPOP forever ğŸ’œ,514,125
1123,2023-12-28,oncefan,SHINee forever kings #Shawol,97,279
1124,2023-06-04,armyforever,I love BTS so much! KPOP forever ğŸ’œ,229,151
1125,2023-10-08,oncefan,LOONA legends #Orbit,534,296
1126,2023-04-20,exolegend,EXO still kings of KPOP ğŸ”¥,749,376
1127,2023-01-01,caratdiamond,BIGBANG changed KPOP industry #VIP,121,462
1128,2023-10-31,exolegend,Itzy charisma is no joke #MIDZY,947,116
1129,2023-05-03,armyblink,Twice performance is so powerful #ONCE,927,344
1130,2023-09-23,stayforever,SHINee forever kings #Shawol,71,110
1131,2023-09-08,armylover,GFriend songs always touch my heart ğŸ’•,664,309
1132,2023-08-17,armylover,EXO still kings of KPOP ğŸ”¥,960,450
1133,2023-02-10,moaarmy,BTS x BLACKPINK collab dream? ğŸ˜±,623,453
1134,2023-07-18,neverland,I love BTS so much! KPOP forever ğŸ’œ,957,97
1135,2023-10-17,shawol,I love BTS so much! KPOP forever ğŸ’œ,890,238
1136,2023-12-24,armylover,GFriend songs always touch my heart ğŸ’•,271,489
1137,2023-08-08,reveluv,LE SSERAFIM slaying stages #FEARLESS,311,419
1138,2023-04-07,stayforever,BIGBANG changed KPOP industry #VIP,424,118
1139,2023-09-21,blinkkpop,BTS x BLACKPINK collab dream? ğŸ˜±,939,305
1140,2023-03-25,shawol,TXT are the future of KPOP ğŸ’™,555,252
1141,2023-04-20,neverland,SHINee forever kings #Shawol,561,442
1142,2023-01-25,armyforever,Itzy charisma is no joke #MIDZY,315,337
1143,2023-06-05,blinkqueen,I love BTS so much! KPOP forever ğŸ’œ,742,108
1144,2023-07-04,exolegend,Idle rising so strong #Neverland,179,425
1145,2023-05-14,blinkqueen,Red Velvet vocals are insane ğŸ¶ #ReVeluv,328,249
1146,2023-11-14,oncefan,LE SSERAFIM slaying stages #FEARLESS,941,295
1147,2023-05-18,armyforever,BTS paved the way #Army,584,351
1148,2023-10-15,moaarmy,Itzy charisma is no joke #MIDZY,854,423
1149,2023-03-10,exolegend,Twice performance is so powerful #ONCE,358,95
1150,2023-01-20,moaarmy,NCT comeback soon! Can't wait ğŸ˜,194,108
1151,2023-11-20,oncefan,Twice performance is so powerful #ONCE,399,486
1152,2023-11-19,fearless,EXO still kings of KPOP ğŸ”¥,742,223
1153,2023-08-15,armyblink,Stray Kids are dominating the stage! #STAY,655,256
1154,2023-02-09,armyforever,LE SSERAFIM slaying stages #FEARLESS,100,188
1155,2023-11-19,nctzenlife,NCT comeback soon! Can't wait ğŸ˜,98,388
1156,2023-07-13,vipfan,Twice performance is so powerful #ONCE,260,469
1157,2023-12-01,shawol,TXT are the future of KPOP ğŸ’™,542,246
1158,2023-12-06,nctzenlife,BTS x BLACKPINK collab dream? ğŸ˜±,912,341
1159,2023-11-29,exolegend,SHINee forever kings #Shawol,349,74
1160,2023-12-01,oncefan,I love BTS so much! KPOP forever ğŸ’œ,173,420
1161,2023-08-22,moaarmy,LE SSERAFIM slaying stages #FEARLESS,631,458
1162,2023-10-09,fearless,I love BTS so much! KPOP forever ğŸ’œ,368,366
1163,2023-02-04,neverland,BTS x BLACKPINK collab dream? ğŸ˜±,345,349
1164,2023-11-30,exolegend,NCT comeback soon! Can't wait ğŸ˜,419,274
1165,2023-01-14,oncefan,BLACKPINK in your area! ğŸ’–,313,60
1166,2023-04-21,midzy,Seventeen world tour is amazing! #CARAT,137,110
1167,2023-01-07,exolegend,GFriend songs always touch my heart ğŸ’•,526,395
1168,2023-06-09,moaarmy,LOONA legends #Orbit,469,49
1169,2023-04-16,armylover,BTS x BLACKPINK collab dream? ğŸ˜±,350,308
1170,2023-02-16,vipfan,Itzy charisma is no joke #MIDZY,621,482
1171,2023-03-20,blinkkpop,Itzy charisma is no joke #MIDZY,625,392
1172,2023-01-01,shawol,Idle rising so strong #Neverland,836,308
1173,2023-12-17,reveluv,Red Velvet vocals are insane ğŸ¶ #ReVeluv,624,276
1174,2023-01-25,nctzenlife,Twice performance is so powerful #ONCE,302,433
1175,2023-10-08,armyblink,LOONA legends #Orbit,638,399
1176,2023-12-23,armyblink,BLACKPINK in your area! ğŸ’–,585,104
1177,2023-10-30,fearless,Twice performance is so powerful #ONCE,311,375
1178,2023-12-19,nctzenlife,NCT comeback soon! Can't wait ğŸ˜,890,15
1179,2023-07-17,reveluv,SHINee forever kings #Shawol,107,392
1180,2023-12-18,armylover,I love BTS so much! KPOP forever ğŸ’œ,899,124
1181,2023-02-11,orbitluv,GFriend songs always touch my heart ğŸ’•,705,18
1182,2023-02-03,neverland,Itzy charisma is no joke #MIDZY,501,93
1183,2023-02-02,blinkqueen,BIGBANG changed KPOP industry #VIP,61,428
1184,2023-10-22,shawol,Seventeen world tour is amazing! #CARAT,555,153
1185,2023-04-19,moaarmy,TXT are the future of KPOP ğŸ’™,653,227
1186,2023-07-10,caratdiamond,EXO still kings of KPOP ğŸ”¥,795,182
1187,2023-10-01,fearless,TXT are the future of KPOP ğŸ’™,509,391
1188,2023-10-14,midzy,Stray Kids are dominating the stage! #STAY,709,68
1189,2023-08-13,fearless,BTS paved the way #Army,607,267
1190,2023-06-09,armyforever,BLACKPINK just dropped a new MV ğŸ”¥ #KPOP,441,335
1191,2023-07-02,exolegend,Twice performance is so powerful #ONCE,256,250
1192,2023-07-31,fearless,LOONA legends #Orbit,947,71
1193,2023-03-12,blinkkpop,EXO still kings of KPOP ğŸ”¥,76,427
1194,2023-06-01,oncefan,Twice performance is so powerful #ONCE,671,497
1195,2023-05-13,orbitluv,BTS paved the way #Army,257,83
1196,2023-10-23,armyforever,NCT comeback soon! Can't wait ğŸ˜,346,50
1197,2023-09-19,fearless,BTS x BLACKPINK collab dream? ğŸ˜±,125,399
1198,2023-05-15,shawol,SHINee forever kings #Shawol,369,280
1199,2023-08-31,neverland,GFriend songs always touch my heart ğŸ’•,510,181
1200,2023-02-16,fearless,BTS x BLACKPINK collab dream? ğŸ˜±,69,53
